feasible,fdev
0.000366178941563703,48.5273715793464
0.000616552686900832,48.562956852327
0.00121232937462628,48.6467904889828
0.00174566547770519,48.7208253916194
0.00235149382357486,48.8037560035499
0.00270057043642737,48.8509739619813
0.00317733743647113,48.9147921491645
0.0039202382954536,49.0126813581411
0.00402018279652111,49.0257058360349
0.00482484498177655,49.1293107337616
0.00506885177956428,49.1602852284813
0.00567489042098168,49.2363218205411
0.0063887956677936,49.3242502100459
0.00673031234776136,49.3656831972906
0.00709790759161115,49.4098231626384
0.00773550493398216,49.4852580862653
0.00820093104522675,49.5394185612997
0.00878962014336139,49.6068258327116
0.00908746496785898,49.6404622779374
0.00986202565394342,49.7264587172862
0.0103462641772348,49.7791347900365
0.0105361734577455,49.7995644019297
0.0114465260664001,49.89569927366
0.0117469533593394,49.9267705414516
0.0121516801912803,49.9681137294581
0.0129329663036624,50.0462452048833
0.0134084637167398,50.0927110751281
0.0137991529058199,50.1302725754012
0.0143925664736889,50.1862566239051
0.014656536535942,50.2107453344644
0.0154794910674682,50.2854462910373
0.0159446094098967,50.3265605768161
0.016354623255902,50.3621397518681
0.0167581435547909,50.3965464108969
0.0174481334309094,50.4539757818584
0.0175606963983737,50.4631762717705
0.018124035334331,50.508510399636
0.0186597933799494,50.5505233129761
0.0193692427792121,50.6045002688846
0.0196843200105941,50.6278660146448
0.0201296789413318,50.6602565143662
0.0207214385621482,50.702139768409
0.0212747218172299,50.7401071138655
0.0218647881987272,50.779328594025
0.0220970823925454,50.794409666704
0.0228155056742253,50.8397676405303
0.0233624672829174,50.873001652123
0.0239278802413028,50.9061799741939
0.0242685794194695,50.9255962025164
0.0245348146222532,50.9404681732987
0.0252549178060144,50.9793770794504
0.0257109274022514,51.0030272911959
0.0264212582306936,51.0383509784255
0.0269284977001371,51.0624536066296
0.027012794878101,51.0663692347826
0.0277555092709372,51.0997693681002
0.0280834658202948,51.1138940625097
0.0287170505987015,51.1401129939798
0.0293287645616801,51.1641073745697
0.0299762658958789,51.1881171860564
0.0301457293491112,51.1941686096262
0.0306319938239176,51.2110050592115
0.0310231470878935,51.2239872703398
0.0315402276779059,51.2403944540343
0.0321975027158624,51.2600361854325
0.0326925581556279,51.2739550631711
0.033346703546471,51.2912271464857
0.0339456635289826,51.3059586778685
0.0341823926339857,51.3115036597748
0.0348015850591473,51.3252864642908
0.0351445305661764,51.3324834612562
0.0356175297828158,51.3419163066034
0.0362849757845979,51.3542907443571
0.0367829302371247,51.362841443291
0.0370031237993389,51.3664445751971
0.0378052990726428,51.3786935661047
0.038172574236989,51.3838647152135
0.0389197951875394,51.3936000268022
0.0391999293034896,51.3969944512591
0.0395060947751626,51.4005548200069
0.0403286498156376,51.4094019518591
0.0408608865949791,51.4146199559353
0.041136534650228,51.4171817930683
0.0416022447440773,51.4213116295306
0.042305457843584,51.4271288739394
0.0427185006095096,51.4303442521439
0.0432617035044823,51.4343858940466
0.043955405558343,51.4393049271044
0.0443361503812484,51.4419205705214
0.0446457654067781,51.4440176694962
0.0453661973924609,51.4488437051353
0.0457887082913658,51.4516728298579
0.0461029524999904,51.4537926603261
0.0468036046279594,51.458616363725
0.0472125235262793,51.4615246470763
0.0477198267671047,51.4652638858651
0.048063713730895,51.4678987863223
0.0488127652859548,51.4739800268165
0.0492312296939781,51.4776158827212
0.0495828102020314,51.480821768589
0.0504784281475004,51.489696534297
0.0507717767532449,51.4928484377291
0.0512196670622798,51.4979179280375
0.0516941473907791,51.503650110305
0.0521607609689236,51.5096758427545
0.0528753455118276,51.5197078886905
0.0530899705758784,51.522922077792
0.0535866249203682,51.5307355310177
0.054186159081175,51.5408985341504
0.0546401506826514,51.5491532024711
0.0550528748530196,51.5570937124342
0.0556774013839895,51.5699311176154
0.0564897118236404,51.5881773119326
0.0568644662149018,51.5972092736977
0.0573566936990246,51.6096814960781
0.0578211587495171,51.6220997072112
0.0584470110288821,51.6398562262359
0.0586106997121824,51.6446978305377
0.0591253506169887,51.6604631794654
0.0598121061958373,51.6828052531458
0.0601050590001978,51.692797148899
0.0606828711123671,51.7133257680265
0.0614278083331883,51.7414208424359
0.0619739221611526,51.7631975772524
0.0624424289196031,51.7826828529648
0.0626124522718601,51.78993849798
0.0633749474912183,51.8236900378126
0.0638396930214949,51.8452371038942
0.0641931458767503,51.8621195844106
0.0645781593730207,51.8809964275389
0.0654156366336392,51.9238070061776
0.0659924537668703,51.9546813835433
0.0660187225594418,51.9561142620914
0.0669746249292511,52.0098342086224
0.0674516542882193,52.0377820412807
0.0677606763197109,52.0562870706387
0.0683253124530893,52.0909031382363
0.0687672201135429,52.1187117888587
0.069441414664383,52.1623301168452
0.0696329575512791,52.1749813108489
0.0700654560802504,52.2039622944702
0.070658798403223,52.2446421327143
0.0710811572207604,52.2742352962937
0.0715485767499777,52.3075886070888
0.0721588412082056,52.352065000564
0.072950363641954,52.4112694981664
0.0733994410471059,52.4455950901858
0.0735510654770769,52.4573014307558
0.0743396948616719,52.519110654554
0.0746372344816336,52.5428209451833
0.0751154685779475,52.5813616666918
0.075604233759339,52.62128260737
0.0763888921993785,52.6864414586979
0.0769086452149786,52.7302905467773
0.0772927212866489,52.7630270730581
0.0776403309338493,52.7928898171319
0.0782987078275764,52.8500308979825
0.0789001680124784,52.902856839701
0.0791130632566055,52.9216899078274
0.0797840701610548,52.9814798208697
0.08041959196073,53.0386705368652
0.0809665577575797,53.088291071459
0.0813265519876732,53.1211345597087
0.0816669747756096,53.1523178576703
0.0821119470506674,53.1932488653983
0.0825088694251608,53.2299105716674
0.0830745743543375,53.2823827783808
0.0836557688612957,53.3365295777584
0.0841380016782787,53.3816135085942
0.0846804323625984,53.4324678375973
0.0853402918541105,53.4944943117785
0.0858434077994898,53.5418773646707
0.0860449870083248,53.5608781959123
0.0868673689637799,53.6384552882384
0.0870025085154921,53.6512081967107
0.087529043738381,53.7008953218689
0.0881675604173215,53.7611209008678
0.0885982399787754,53.8017056310463
0.0890749904576223,53.8465792298975
0.0899189079813659,53.925827087834
0.0902276482112939,53.9547458818328
0.0907504903790541,54.0036117896602
0.0910448011970147,54.0310530336721
0.0915205669846618,54.0753020292459
0.092019312932156,54.1215272660831
0.0925608419307973,54.1715122856954
0.0934410315793939,54.2522490213265
0.0937126422624569,54.2770249282406
0.0941537798665231,54.3171159495493
0.0947920239611994,54.3747755845537
0.0951488813688047,54.4068268948225
0.0958005811022595,54.4649918430417
0.0963257381040603,54.5114992338724
0.0968948676473228,54.561514620668
0.0973064302875428,54.5974217509777
0.0979870680663735,54.6563016103049
0.098054110652185,54.6620663236405
0.0987424839157611,54.7208813320178
0.0993220289953752,54.7698507172293
0.0998283894859487,54.8122100584329
0.100182628877927,54.8415999964953
0.100949559990549,54.9045180581958
0.101110927655711,54.9176292606804
0.101873196452041,54.9789458630684
0.102447791622486,55.0244719849259
0.102503185679088,55.0288285788286
0.103171281078598,55.0809132821714
0.103912145979819,55.1376526425141
0.104340294289635,55.1699379072193
0.104991608033888,55.2183195363742
0.105031528401887,55.2212556620512
0.105696075591841,55.2696242882135
0.106187127879355,55.3047361120855
0.10678804254625,55.3469541355568
0.107304381722584,55.3825534998556
0.107778638918418,55.4146856939518
0.108134385814425,55.4384249365956
0.108738889542175,55.4780322355783
0.109467848459026,55.5245346588691
0.109695763101103,55.5387843176203
0.110234238144592,55.5718894327815
0.110644763801829,55.5965883793412
0.111169459851459,55.6274603350487
0.111874655712396,55.667690629239
0.112460508263321,55.699981013483
0.112894438403775,55.7232183480507
0.113060045480146,55.7319315474529
0.113654628460878,55.7624955819089
0.114459364391863,55.8020290839234
0.114996280038147,55.8271997692827
0.115279679046362,55.8400873712568
0.115578912526951,55.8533917546643
0.116418626741623,55.8890303247009
0.116864969438291,55.9069336634822
0.117325755233876,55.924641510254
0.117956546500558,55.9475810010825
0.118441341750906,55.9641686182942
0.118737710047164,55.9738551090049
0.119126187663642,55.9860231736604
0.119893639703048,56.0082683709988
0.120055005014292,56.0126382183498
0.12095285522996,56.0349629339424
0.121186031316058,56.0402016495627
0.121776258719736,56.0524140344288
0.122018662221846,56.0569898678564
0.122624770475551,56.0672959344334
0.123100284191314,56.0742326666312
0.123573195394012,56.0801165405204
0.124341757681337,56.087490545141
0.12481323523866,56.0906563272387
0.125162540664314,56.0923286345088
0.125507029502885,56.0934125509451
0.126319157100283,56.0937262390807
0.126986705625197,56.0916037881186
0.12715526522568,56.0907255239387
0.127711929373792,56.0868386369778
0.128180640478153,56.0823862590045
0.128591784532298,56.0775885823782
0.129164706026786,56.0695070727457
0.129504380914383,56.0639457998394
0.130201319583226,56.0507360314427
0.130906814559363,56.0348955106652
0.131013285657158,56.0322890489183
0.131509345810395,56.0193990446668
0.132364370104508,55.9943003914213
0.132653198916465,55.9849997764621
0.133370088147116,55.9601273798335
0.133875234420062,55.9410770340196
0.134009924820624,55.9357856493601
0.134594110842212,55.9118080503477
0.135147524968372,55.8875618132109
0.135581048601773,55.8675355149357
0.13627808374702,55.8334529572814
0.136692756162374,55.8120861636924
0.137063721579034,55.7922891978694
0.137999783455511,55.7395107098552
0.138495230156695,55.7099643089982
0.138996753718005,55.6789407585994
0.139195088579785,55.6663664618531
0.139536742566503,55.6443043813496
0.140485639888677,55.5804121775582
0.140772794241086,55.5603334818088
0.141419764983235,55.5138611191145
0.141527083606808,55.5059895029911
0.142056276715361,55.4665096425803
0.14294708841003,55.3976164764038
0.143480234064278,55.3549707604952
0.143722789602936,55.3352291399541
0.144065930150566,55.3069455342925
0.144955583669245,55.2317324980334
0.14538915869873,55.1941264260102
0.145926619460923,55.1466801940256
0.146053624134162,55.1353376747526
0.146531272456166,55.0922447768344
0.147305098111974,55.0210223026513
0.147755480125896,54.9788029551851
0.148233407197869,54.9334136749672
0.148564151150174,54.9016611315035
0.14922551202937,54.8373679144279
0.149778497009305,54.7828313078196
0.150474046505406,54.7132912696736
0.150526764780283,54.7079796942278
0.15139984407241,54.6192260350806
0.15154988655448,54.6038300605439
0.152037330511608,54.5535407867164
0.152715669588535,54.4829029540826
0.153347137415549,54.4165167882738
0.15385657584283,54.3625557859094
0.154363723205752,54.3085095375144
0.154886883594096,54.2524428869294
0.155328077501734,54.2049341052149
0.155709762433078,54.1636803769492
0.156195043582935,54.1110426418644
0.156703783097095,54.0556578039339
0.157083161379327,54.0142354795601
0.157940853500855,53.9202642155138
0.158384627756313,53.8714944665823
0.158677743326291,53.8392357909842
0.159000631604926,53.8036638229993
0.159734192136559,53.7227330245638
0.160131901670131,53.6788043096727
0.160787151049706,53.6063801422861
0.16135284931527,53.543829776084
0.161760599962669,53.4987437205622
0.1622234960231,53.4475713277123
0.162858280896326,53.3774359052644
0.163107667691773,53.3498995011621
0.163939688950079,53.2581276120285
0.16406382588367,53.244450289825
0.164566153677762,53.1891504106448
0.165102948444779,53.1301466686385
0.165873282814398,53.0456579347655
0.166449513172964,52.9826166865057
0.166606552821584,52.9654613011031
0.167012457074365,52.9211716152741
0.167921083653113,52.8223146694141
0.16807783902681,52.8053017179335
0.168914554667776,52.7147083447057
0.169304721626337,52.6725920145829
0.169857983243419,52.613013812959
0.170151752082282,52.5814484532973
0.170808800040279,52.5110249999335
0.171430727334577,52.4445921344056
0.171783811340225,52.4069750155096
0.172427309169318,52.3386014559405
0.172622433408513,52.3179158158973
0.173304596078116,52.24576888645
0.173506907978561,52.2244228907039
0.174466925098794,52.1234459601335
0.17465820342896,52.1033884642524
0.175455104282824,52.0200425716843
0.175824759341427,51.9814989854247
0.176453215065645,51.916139100847
0.176649080988369,51.8958118211538
0.177474869098282,51.8103310931648
0.177816811317229,51.7750384572569
0.178382019934943,51.716832409952
0.178850883655716,51.6686699411097
0.179489381100051,51.6032576449238
0.179895951082348,51.5617098026165
0.180446217623656,51.5056051746071
0.180770633294596,51.4725964566442
0.181000797083951,51.4492083192076
0.18151286829717,51.3972649962666
0.182466486464487,51.3008657557057
0.182594519420294,51.2879562547611
0.183291926348116,51.2177752339679
0.183551056263037,51.1917584448765
0.184471642057528,51.0995966338973
0.184846317114425,51.0622075054626
0.185195324497996,51.0274436136728
0.18563945482648,50.9832951785989
0.186146287349402,50.9330401126603
0.186557380457409,50.8923792224011
0.187365398824681,50.8127314058481
0.187790302995592,50.7709977806162
0.18828657461144,50.722390413609
0.188683867556741,50.6835863325531
0.189321029349929,50.6215636475234
0.189533260222292,50.6009638057858
0.190488525467808,50.5086260823606
0.190719794079312,50.4863691417003
0.191301748953294,50.4305397232938
0.191881015348365,50.3752295293916
0.192447292426717,50.3214236827335
0.192550884563592,50.311609907246
0.193482647638069,50.2237637379825
0.193618886792334,50.2109851903926
0.194499439317966,50.1288214345783
0.194664999772329,50.1134584061012
0.195303267913754,50.0544947001201
0.195733929339796,50.01495398136
0.196393774497323,49.9547690422687
0.196578598350636,49.938000146941
0.19744564708625,49.8598746732136
0.197931807513698,49.8164730954327
0.198119688638952,49.7997805501362
0.198756371984025,49.7435560877815
0.199127679587807,49.7110166819249
0.199622840662254,49.6679187301505
0.200320016272017,49.6078269059009
0.200876086183125,49.5604069269196
0.201214217562927,49.5317991668879
0.201632323034806,49.4966676825921
0.202071432475466,49.4600653914094
0.202618483832688,49.4148957148688
0.203285099306726,49.3605136777434
0.203752293807804,49.322841788683
0.204057133110473,49.298460865836
0.204512672850396,49.2623247746527
0.205062017983408,49.2192286056769
0.205652069005067,49.1735340598444
0.206424042147584,49.1146971728761
0.206718238966423,49.0925604234501
0.207490692997701,49.0351974200344
0.207673286412028,49.0217999377221
0.208084515543422,48.9918551966631
0.208838760295534,48.9377601188768
0.209169696708443,48.9143648351572
0.209850257846992,48.8669074112702
0.210096375249559,48.8499622302647
0.210955246698926,48.7917345531837
0.211413353049313,48.7612527005633
0.211532203559065,48.7534099025483
0.212367818469414,48.6990273854887
0.212507051721914,48.6900947712822
0.213362106118584,48.6360404919521
0.213849430162925,48.6058469970609
0.214129289686331,48.5887075043709
0.214960158125032,48.5386744120216
0.215022033775342,48.5349990197616
0.215766445342801,48.4913250984279
0.216034962750389,48.4758158766738
0.216927629739861,48.4251733736018
0.217368667262373,48.4006651796461
0.217688727336237,48.3830884496994
0.21848679452634,48.340013183256
0.218733774577035,48.3268967522924
0.219165616195416,48.3042018057295
0.219990091408254,48.2617007881915
0.220027991110925,48.2597727813596
0.220547660890385,48.2335599548267
0.221073852148373,48.2074360091262
0.22183334638935,48.1704509411745
0.222361509169219,48.1452197467622
0.222995745300781,48.1154349254434
0.223073066302459,48.1118413543239
0.223652523826226,48.0851646814393
0.224359670922393,48.0532031942537
0.224717027433566,48.0372926902224
0.225237069243682,48.0144203542538
0.225852771379286,47.9877606675827
0.226326616102597,47.9675446619343
0.226955557059497,47.9411043130054
0.227013557515107,47.9386881028984
0.227739383001812,47.9087592271901
0.2282854981774,47.8866080978783
0.228565023255534,47.8753891839802
0.229156504746876,47.8519093027999
0.22958540406276,47.8350995228345
0.230265059636207,47.8088247409167
0.230624455720186,47.7951070758839
0.231093268223456,47.7773928211423
0.231933364502853,47.7461486209468
0.23229181379592,47.7330091387661
0.232978758921497,47.7081433082061
0.233224785819766,47.6993374912075
0.233642299970961,47.6845132567674
0.234435800168314,47.6567510668461
0.234981677011354,47.637964264309
0.23524405931111,47.6290244302949
0.235975038536242,47.6044280665025
0.236026854662108,47.602701849172
0.23678809960559,47.5776071319262
0.237427299935371,47.5569225650536
0.237655126441736,47.5496363079685
0.238303035343182,47.529165671554
0.238801915434422,47.5136592685191
0.239450874418602,47.4938269048598
0.239531996804057,47.4913750840515
0.240393934134976,47.4657058741202
0.240680727349129,47.4573220306919
0.241146993579692,47.4438625979766
0.241890133092646,47.4228573525821
0.242360576020088,47.4098503499271
0.242838177816011,47.3968812238652
0.243002063744119,47.392486577496
0.243503513142699,47.3792195006734
0.244380485674948,47.3566815894177
0.244720788387582,47.3481692144611
0.245217671531835,47.3359799891809
0.245885761663201,47.3200487652025
0.24634521174361,47.3094040471988
0.246936057284591,47.2960960193564
0.24711387915886,47.2921759402705
0.247824353801552,47.2769131701246
0.248065026828903,47.2718896098057
0.248761075444054,47.257785711397
0.24931917639426,47.2469391314501
0.249900040818844,47.2360934690978
0.250235098446952,47.230045209859
0.250977602880681,47.2171891299922
0.251159591324278,47.2141538842806
0.251903787340503,47.2022194832198
0.252126939670765,47.1987908953371
0.252853266156744,47.1881120392221
0.253202173436061,47.1832438324401
0.253800497556105,47.1752902546082
0.254493870400125,47.1666943241637
0.254870837882161,47.1622989210347
0.255293306591688,47.1576037012232
0.2557694027822,47.152602037231
0.256403116256231,47.1464140741597
0.256823786308756,47.1425976967429
0.257017697668518,47.1409155641433
0.257677506294451,47.13554946297
0.258419805990881,47.1301557416462
0.258692187887384,47.1283419888531
0.259010477474541,47.1263318569406
0.259627854834311,47.1227589155964
0.260359743307345,47.1190554895233
0.260884511325625,47.116734947375
0.261325389096513,47.1149884567267
0.261617044858867,47.1139298173674
0.262130148987053,47.1122438165359
0.26286066437664,47.1102014738803
0.263414808994392,47.1089035274467
0.26356588852976,47.1085836006743
0.264319698572042,47.1071794723393
0.264594112094259,47.1067390717116
0.265392502527335,47.1056298033435
0.265950778946746,47.1049710075186
0.266436216654023,47.1044486964252
0.266743890514714,47.104131880689
0.267362617903738,47.1035026588642
0.26750447190844,47.1033561695158
0.268059213544824,47.1027585940661
0.268659423661302,47.1020374715529
0.269446688677766,47.1009011408352
0.269848828540649,47.1002071833162
0.270346749474178,47.0992144697125
0.270880660659983,47.0979571466495
0.271389340780908,47.0965434532813
0.271562738152919,47.096008082484
0.272208062656107,47.0937504077047
0.272897680446273,47.090823157905
0.273475841349456,47.0879059686332
0.27360185981344,47.0872093462755
0.274180096816039,47.0837140094818
0.274820482049952,47.0792301375491
0.275132961312658,47.0767909782382
0.275593580851681,47.072875845006
0.276401192906545,47.0650308525835
0.276988479582593,47.0584847845615
0.277383787121042,47.053653857858
0.277836209231406,47.0476854075063
0.278240179143148,47.0419439780011
0.278691166328732,47.0350569099231
0.279075942626689,47.0287687197039
0.279761772866827,47.0165806106716
0.280321657789289,47.0056612862468
0.280565778746037,47.0006177164255
0.281461488166358,46.9805866491776
0.281871115704067,46.9706010348207
0.282391039772658,46.9571542100864
0.282739228129736,46.9476545243086
0.283155284921057,46.9357713665654
0.283606211548788,46.9222252941788
0.284217042189557,46.9027435897476
0.28495550447586,46.8774064037356
0.285184333078563,46.8691501512128
0.285501286957064,46.8573926363326
0.286261121020536,46.827661473855
0.286789341305266,46.8056855155486
0.287151383853401,46.7899932928207
0.287827676823596,46.7592878743729
0.288216813080246,46.7407878639704
0.288638089532149,46.7200664547763
0.289352385451319,46.6832667561907
0.289567613993422,46.6717640050405
0.290458853984252,46.6220677474731
0.290816308555659,46.601194302789
0.291337597718462,46.5697798209752
0.291893509382382,46.5349986614509
0.292201564334682,46.5151532917444
0.292856023359695,46.4716335161258
0.293440319227404,46.4312131922248
0.293667595874285,46.4150905651734
0.294160907044774,46.3793235896246
0.294719034362235,46.3375810648979
0.295353729344206,46.2884649984622
0.295598221645574,46.2690773959608
0.296221390830004,46.2184869842704
0.296938039896078,46.1582254751565
0.297031723048422,46.1501835990606
0.297609430624871,46.0997555356143
0.298337830548291,46.0341275776468
0.298920114959707,45.9800318103322
0.299161046128836,45.9572264786013
0.299814192884252,45.8941664668343
0.300215669684112,45.8545127775175
0.300977316210745,45.7774336743512
0.301154711447656,45.7591351493002
0.301728459974634,45.6990638059136
0.302241408125381,45.644216646838
0.30260671847302,45.6045038692578
0.30337380560569,45.5193660879882
0.303960217771819,45.4527007492273
0.30408422679815,45.4384292157622
0.30475477407279,45.3602183287233
0.305199813752668,45.3073480986875
0.305950223800377,45.2164851546554
0.306347082969849,45.1675715053219
0.306873814788647,45.1017434679995
0.307076451327885,45.0761458645281
0.307711997025413,44.9948881169117
0.30801084843569,44.9561727327229
0.308738040511496,44.8606347212783
0.309296673911158,44.7859769295333
0.309982476397068,44.6928474073366
0.310117425051983,44.674332688781
0.310826851805206,44.5759922187362
0.311063615040388,44.5427990116537
0.311608453163877,44.4657160252157
0.312419354462181,44.3492152529164
0.312931810517563,44.2745175233791
0.313351625328301,44.2127152440583
0.313728822844569,44.1567262534949
0.314383828882943,44.0584822342787
0.314958273583092,43.971277210074
0.315219931302592,43.9312378594837
0.31570762869413,43.8560873688882
0.316495384939015,43.7332926203438
0.316975860087667,43.6575626921465
0.3171232936749,43.6342007580267
0.317867064426187,43.5154725241544
0.318431147879572,43.4244776880283
0.318845557261026,43.3571189386606
0.319010393316625,43.3302086737148
0.319588447911781,43.2353199223174
0.320396748933825,43.10131854997
0.320595712488634,43.0681052072148
0.321276063822908,42.9538716397201
0.321992248338647,42.8325514987676
0.322323714672588,42.7760439636636
0.322550034947111,42.737335130976
0.323441710363026,42.5838639079417
0.32353817518719,42.5671715663154
0.324081862497143,42.4727790188477
0.324637043810799,42.3758619027686
0.325384364791331,42.2446066124257
0.325928227507044,42.1485461929827
0.326096571302274,42.1187250656402
0.326978344722535,41.961893206297
0.327140003045322,41.9330318547161
0.327505036688061,41.86774537784
0.328136534120655,41.7544449068121
0.328705521772034,41.6520063270632
0.32949732677592,41.508965341392
0.329874880936346,41.440585781545
0.330438439043588,41.3383418768321
0.330581571031129,41.3123442326948
0.331428391548339,41.1583328746056
0.331542689094087,41.1375238607535
0.332279827004881,41.0032368133623
0.332849271486048,40.8994408296401
0.333283306523692,40.8203225892455
0.333741776803043,40.7367704642354
0.334166780779487,40.6593562747082
0.334789913141867,40.5459622287636
0.335227365514613,40.4664640618125
0.335518421128392,40.4136318286873
0.336196604004013,40.2907591357039
0.336839475805289,40.1746432721463
0.337406037348323,40.0726591274734
0.337801769802347,40.0016469883216
0.338431612043409,39.8890493564731
0.338838904427597,39.8165432314835
0.339490103469579,39.701171633666
0.339542885879986,39.6918521680997
0.340172538642772,39.5810746414141
0.34063418860035,39.5003472943386
0.34144714519952,39.3592976447776
0.341634118908318,39.3270709104671
0.342355959968874,39.2034595026437
0.34252641230158,39.1744651347443
0.34345016489469,39.0187164800211
0.343739836986177,38.9703816524983
0.34423861118604,38.8877540210931
0.344959181579994,38.7697840450111
0.34517899155675,38.7341412336795
0.345887942562462,38.6203304860766
0.346008298808825,38.601188172659
0.346943129041931,38.4543566739946
0.347248079943354,38.4071919674917
0.347940018659574,38.3015732036902
0.348293663008604,38.2483645747715
0.348759545829496,38.1790917326774
0.349462760158698,38.0763559591722
0.349695951591013,38.0427860316646
0.350326347688329,37.9533121301323
0.350856880878098,37.8794914806573
0.351435913303052,37.8005094427852
0.351831915359246,37.7474691508783
0.352234545533196,37.6943699312944
0.352752845069976,37.6272687038389
0.353130528947106,37.5792752121313
0.353691781339003,37.5093865989023
0.354406890228856,37.4228659072711
0.354538423432503,37.4072647028959
0.355096321115503,37.3421883705366
0.355938318218337,37.2473798869566
0.356209791226313,37.2176984080087
0.356834440885461,37.1510658928318
0.35719177734945,37.1140002444601
0.357526288575726,37.0800020831916
0.35845523465646,36.9891712681825
0.35867286807613,36.9686590812716
0.359139583238517,36.9256605163951
0.359892261404777,36.859176231394
0.360098656367976,36.8415650754553
0.360749519727309,36.7877830471691
0.361060548468376,36.763025211931
0.361867034522234,36.701677362975
0.362411603999324,36.6625812254313
0.36260351998033,36.6492504757273
0.363074488382321,36.6175241732982
0.363732618305599,36.5755382296639
0.364325297057629,36.5400644881008
0.364515915174037,36.5291246137119
0.365278449534671,36.4876361819229
0.365615371657419,36.4704591616548
0.366365208839066,36.4347524464979
0.366672220392735,36.4211305661413
0.367188012696337,36.3995400683009
0.367632145788753,36.3822406961051
0.368171835853718,36.3628130984851
0.368927892306121,36.3385030569623
0.369293566747219,36.327947287306
0.369581920786411,36.3201699893492
0.370037189475261,36.3088626305659
0.370634794563404,36.2958047378673
0.37128373087314,36.2838826595537
0.371678640116123,36.2777588367576
0.372376577557647,36.268990163718
0.37251422830415,36.2675662145947
0.373150596664287,36.2622684997521
0.373702867508051,36.2593556415385
0.374165318953572,36.258095147161
0.374621476907982,36.2578832886336
0.375017993025947,36.2585159357661
0.375559578822926,36.2605823825679
0.376418375035631,36.2666272209938
0.376659529446973,36.268919208478
0.377239735168638,36.2754720184187
0.377889285107842,36.2845042582087
0.378247577602859,36.2902314875903
0.378569029208738,36.2958095375312
0.379498212917242,36.3141999378837
0.379611193507677,36.3166595037811
0.380107673531631,36.3280240016687
0.380640940709505,36.3412156771596
0.381390967084561,36.3614297683455
0.381601695773075,36.3674467065826
0.382287460459163,36.3880133676726
0.382624888388556,36.3986705129943
0.383370471220347,36.4234210259861
0.383625680911471,36.432260420237
0.38408818693622,36.4487389481291
0.384979060104117,36.482075766607
0.38523559277365,36.4920475581287
0.385776244166307,36.513582105603
0.386175959552056,36.5299392898098
0.386792714892421,36.5558712655863
0.387433768169954,36.5836698293074
0.387749443535111,36.5976589766845
0.38814843712945,36.6156108366391
0.388656221757643,36.6388756409913
0.389423471107497,36.6748633490525
0.389939264212502,36.6995838901219
0.390072532062652,36.7060361619726
0.390607467327733,36.7321916405156
0.391481125481077,36.7757341406861
0.391897251025424,36.7968048909708
0.392054737902246,36.804831369538
0.392727580257575,36.8394259487616
0.393475910003879,36.8784319907928
0.393902305826312,36.9008827311997
0.394112323130015,36.911995957343
0.394811264959862,36.9492226419439
0.395073243473424,36.9632645032637
0.395654291652841,36.994562291332
0.396266229425441,37.0277286273527
0.396905171167222,37.0625493383337
0.397141924467753,37.0754944588576
0.397558433806407,37.0983166248546
0.398495928225457,37.1498690894375
0.398725209035445,37.1625071637662
0.399186216722941,37.1879435258135
0.399635562072974,37.2127600126335
0.400262682394008,37.2474139752324
0.400536280943081,37.2625336188981
0.40133497537137,37.3066481318177
0.401971260775812,37.3417404525512
0.402222737813019,37.3555907998268
0.40266443809052,37.3798849693243
0.403088011934655,37.4031361237113
0.40377032749902,37.4404770369368
0.404411153459572,37.475397175166
0.404723782467656,37.4923729383023
0.405128607127466,37.5142905351166
0.405610411406611,37.5402738173661
0.406256127627799,37.5749071106462
0.406757330483757,37.6016268314197
0.407496554046869,37.6407534745322
0.407972700111917,37.6657646559675
0.408083224790287,37.6715478624941
0.408836316311033,37.710717295295
0.409320575610735,37.7356772078502
0.409822087421897,37.7613289718549
0.410164779464714,37.7787374586019
0.410816941769794,37.8115875055499
0.411164791812887,37.8289543918356
0.411522281898069,37.8466869688694
0.412302182380459,37.8849528000031
0.412866355156992,37.9122632126256
0.413231702970224,37.929777723211
0.413583495707484,37.9465124958471
0.414063662877074,37.9691444790689
0.414946427783812,38.0101056749046
0.415461664712406,38.033616680725
0.415604842326371,38.0400972606769
0.41626044652157,38.0694741713825
0.416825258098543,38.0943864514688
0.417429319070186,38.1206180903266
0.417846079335315,38.1384653902654
0.418475944963167,38.1650468887443
0.418941761565977,38.1844001244113
0.419035390716861,38.1882587112129
0.419522913063178,38.2081799679199
0.42038426950993,38.2426785525939
0.420701538954745,38.2551612231072
0.421007434748579,38.2670823947461
0.421768474679324,38.2962582216938
0.422465916490997,38.322397043099
0.422616733256844,38.3279749533157
0.423482761760708,38.3595009172774
0.423830296796747,38.3719147508403
0.424269392197952,38.3874089845144
0.424617864033557,38.3995570841912
0.425197516973945,38.4194807803613
0.425593989935587,38.4329097218926
0.426347831689403,38.4580161443836
0.426630058391136,38.4672771229109
0.42729330564558,38.4887592475374
0.427573948931182,38.4977351779542
0.428413348816801,38.5242060321345
0.428926221726928,38.5401230527819
0.429277050335542,38.550908979455
0.429715387726319,38.5642782071467
0.430196503287414,38.5788276081305
0.430871292548371,38.5990432027343
0.431309477903531,38.6120703892754
0.43178914878075,38.6262586670807
0.432289725819835,38.6410037004258
0.432664119407767,38.652003270549
0.433171496469062,38.6668890006624
0.433919770068023,38.6888455372587
0.43431216193561,38.7003845456349
0.434810193676734,38.7150790368421
0.435408172366791,38.7328283927811
0.435816072553745,38.7450239798832
0.436209245205275,38.7568630054764
0.436793291353271,38.7746309590951
0.437060866332613,38.7828544787571
0.437732781555504,38.8037732952034
0.438255127001787,38.8203374832338
0.438593989558634,38.8312427754757
0.439384527353803,38.8572337920078
0.439803143751924,38.8713420539031
0.440437764771748,38.893239335983
0.440606706716702,38.8991793134511
0.441244621461723,38.9220611212409
0.441934878657339,38.9476887633728
0.442475067216204,38.9684306936846
0.44273079042742,38.9784737662403
0.443400659196079,39.0055057157342
0.443595243755844,39.0135631525795
0.444426856822916,39.0491069389964
0.444924662067206,39.0712896352825
0.445285512891714,39.0878180743752
0.445695355317323,39.1070663801986
0.446281175834942,39.1354947896505
0.446953450778849,39.1695106011687
0.447373514333973,39.1915552766781
0.447728312542546,39.2106663249278
0.448297009921633,39.2422693257704
0.448731564492569,39.2672495584317
0.449423475514865,39.3085681420478
0.449612360414583,39.3201867154628
0.45021616693947,39.3583328815396
0.450850542960456,39.4001060113292
0.451311782850768,39.4316037795005
0.451905359426397,39.4735745588153
0.45224888445437,39.4986199479859
0.452942709593335,39.5509365624629
0.453177233215887,39.5691541381733
0.453609762745909,39.6034735000057
0.454286169691011,39.6590510018871
0.454931047171471,39.7142521308495
0.455187587416265,39.7368238199651
0.455842850500601,39.7960849058625
0.456127040471183,39.822513762068
0.456871226958232,39.8938381817337
0.457071528591798,39.9135644702421
0.457620104611269,39.9687522833275
0.458011647918262,40.0091926393766
0.458591705861501,40.0707283829248
0.459369504747214,40.1563182928518
0.459529487226158,40.1743635619892
0.46028750058508,40.2619234086421
0.46076724154735,40.3191063626582
0.461187311631744,40.3703077013112
0.461567679129075,40.4175837476509
0.462000683975755,40.4724620608951
0.462681159423431,40.5609896719756
0.463358180166571,40.6518436039682
0.463941020584432,40.732276700372
0.464154532724526,40.7622548472301
0.464643855727394,40.8319942425004
0.465048710795585,40.8907834984965
0.465894430184504,41.0167575426488
0.466096813521581,41.0475358568896
0.466839427964296,41.1625503364016
0.467117552870302,41.2064619767169
0.467570482933661,41.278941081778
0.468175052018836,41.3775420416303
0.468678018240491,41.4611742930958
0.469370825595688,41.5787264618655
0.469781820790144,41.6497354612117
0.470421404551482,41.76209761848
0.47070120531891,41.8119564543862
0.471196922288393,41.9013274580011
0.471907119825832,42.0316423256346
0.472361855531344,42.1164648888807
0.472773687257548,42.1941991736732
0.47326846307877,42.2887200022854
0.473813635005616,42.3942708468981
0.47418368534313,42.466738251619
0.47471869458002,42.5726607125855
0.475167668281007,42.662578625323
0.475500695936731,42.729869714794
0.476164068583632,42.8653825976822
0.47697961851093,43.0345865487869
0.477101844805409,43.0601855157371
0.477629994716728,43.171501342454
0.478093419026933,43.2700919242619
0.478541278745513,43.3661615614043
0.479406437932979,43.5538620015859
0.479801700481912,43.6405088469102
0.480218292799313,43.7324135804514
0.480575727912248,43.811730006627
0.481207079363987,43.9528354419731
0.481653059924487,44.0532553108207
0.482410734143807,44.2251984144709
0.482941116675036,44.3465133690727
0.483114540122799,44.3863430596839
0.483715331051848,44.5249172597957
0.484304865682265,44.6617466529429
0.484884228201583,44.7969843863372
0.485076012577396,44.8419108589901
0.485959314186475,45.0497823847854
0.486446327986196,45.1650184261028
0.486780872597126,45.2444145670424
0.487413172922097,45.3949646767935
0.487721413199324,45.4685723135665
0.488176817575353,45.577560922789
0.488546267234487,45.6661727112193
0.489179719022592,45.818470366214
0.489940896140062,46.0020085428419
0.490445264923736,46.1238936244997
0.490810170920566,46.2121889914133
0.491245320446091,46.3175861337031
0.491825395344873,46.4582304493062
0.492344917461392,46.5842986362491
0.492898612949415,46.7187300580209
0.493239717552089,46.8015659799238
0.493617887079483,46.8934067067973
0.494119313897332,47.0151664744963
0.494760496164789,47.1707955381539
0.495349366756389,47.3136137283857
0.495693202379625,47.3969346480538
0.496096289931447,47.4945341396469
0.496693866060348,47.6390371879781
0.497006311484729,47.7144883953702
0.497939108052291,47.9392489239086
0.49808817622473,47.975090481135
0.498922546313144,48.1752579065712
0.499068207702134,48.2101192235837
0.499743699111161,48.3714307408831
0.500064692897373,48.4478691856566
0.500739084725268,48.6079699654057
0.501274462234695,48.7345607836495
0.501998416110524,48.9049684334453
0.502455132550327,49.011986001763
0.502560203363886,49.0365504813554
0.503065312874387,49.1543389606339
0.503838366343174,49.3336031308769
0.504132859284757,49.4015577553644
0.504788206070196,49.5520828362073
0.50534158771846,49.6784088024654
0.505609165453236,49.7392260716285
0.506020488861366,49.8323676850584
0.506625294667669,49.9685350964256
0.507122291444917,50.079705358704
0.507922505280934,50.2572716414354
0.508439051533002,50.3709226671041
0.508986436153413,50.4904993909533
0.509238121651928,50.5451766379728
0.509559086877503,50.6146216466336
0.510494949026848,50.8152526590564
0.510860199370538,50.892786844362
0.51108369631099,50.9400124179095
0.511779246628634,51.0859075881865
0.512350810733857,51.204551360266
0.512512460861355,51.2378987703748
0.51318728622247,51.3761055127067
0.513714774455293,51.4829891013865
0.514081175792497,51.5566287127227
0.514958949466585,51.7309946767633
0.515133644164074,51.7653470666258
0.515705516982358,51.8769764459688
0.516382989721606,52.0075627739527
0.516537298693438,52.0370525496838
0.517455581492395,52.2105685509134
0.517887829508749,52.2910614735976
0.518034706089413,52.3182386103085
0.518755225919653,52.4502700156101
0.5192046662129,52.5315352106269
0.519675731192227,52.6158024647992
0.520369398641749,52.7381870769489
0.520639285206795,52.78525241803
0.521488308643107,52.9312891814889
0.52190574508952,53.0019603759229
0.522113696108572,53.0368873581965
0.522824393932708,53.1548533519758
0.523241806238424,53.2231267797538
0.523761614883901,53.3071025553276
0.524210031557013,53.3786138063323
0.524642540093628,53.4467727346965
0.525175609824015,53.5296809014205
0.525719816941768,53.6130758293092
0.526446146692615,53.7224320039815
0.52659499949601,53.7445700854712
0.527383825501893,53.8603504721737
0.527661779562361,53.900535543044
0.528099274497596,53.9631469106012
0.5286697760151,54.0436304146951
0.529281283741118,54.1284573346824
0.529536434231442,54.1634161516624
0.530464218015084,54.2884155215629
0.530735621446045,54.3243637234683
0.531270147045259,54.3943635316156
0.531858440280776,54.4702021408191
0.532221693513799,54.5164149659537
0.532985948202433,54.6121521496484
0.53347115133272,54.6719141941478
0.533811361562111,54.7133601339515
0.534016534599708,54.738176833497
0.534846803813009,54.8372728619461
0.535182705630898,54.8767780046895
0.535577494921396,54.9227941650632
0.536023448560853,54.9742522088005
0.536527125737863,55.0317311028106
0.537054142754758,55.0911801362496
0.537564452415798,55.1481036538442
0.538457603661576,55.2463213630025
0.53881216465286,55.2848491459462
0.539289120030939,55.3362941221889
0.539730146183982,55.3834978428612
0.5403706541094,55.4514790510924
0.540855690093711,55.5025497065747
0.541292884710478,55.5483125873183
0.541755086311372,55.5964437717292
0.542430361930863,55.6663657002239
0.542523777322378,55.6760059414852
0.543390857298858,55.7651816388997
0.543779248930747,55.8049829368132
0.544444840629702,55.8730576410074
0.544944719455088,55.9241222435841
0.545314532585326,55.9618931069612
0.545959988024901,56.0278566887971
0.546391274892492,56.0719979759755
0.546880017451942,56.1221212098719
0.547041925232275,56.1387557313512
0.547919165929197,56.2292192196971
0.54835971828457,56.2749100426415
0.548979576858808,56.3395596388551
0.549091667972622,56.3513007957751
0.549776702475268,56.4234316182093
0.550130259953672,56.4609342250182
0.550719496711972,56.5238979401887
0.551461205469212,56.6040593303274
0.5518783374544,56.6496265941449
0.552383388755959,56.7053029946781
0.552523178610718,56.7208155648445
0.553209576357622,56.7976640260546
0.553924908876885,56.8790216317599
0.554170778069412,56.9073017538848
0.554616326538613,56.9589802205492
0.555468640861567,57.059456951507
0.555528754467261,57.0666267768015
0.556347281756927,57.1653924829041
0.556906937366351,57.2341840717406
0.557469934971188,57.3044634890247
0.55794114836806,57.3641413933776
0.558484196354402,57.4339113393849
0.558720894869999,57.4646619832171
0.559296340417699,57.540299348597
0.559934774664114,57.6257018234556
0.56010187592404,57.6483173147315
0.560942968777032,57.7638360291934
0.561298128058203,57.8134708980091
0.561934473327361,57.90369488977
0.562282113347552,57.9536929003105
0.562665538232191,58.0094231751669
0.563121419975534,58.0764900195297
0.563835594776901,58.1833273966775
0.564288300605724,58.2521775481652
0.564578266465222,58.2967388831936
0.565291876372416,58.4079445971355
0.565959559975308,58.5139794096621
0.566140500345384,58.543045263726
0.56690529443894,58.6674554464384
0.567207762852893,58.7173509889306
0.567902820219635,58.833488660358
0.568224068028154,58.8878597661873
0.568501017219853,58.9350832315331
0.569102242306923,59.038707849484
0.569675179797225,59.1388557611641
0.570359355266788,59.2602121290827
0.570872610323597,59.3524933152452
0.571224712442723,59.4164065788804
0.571512536417227,59.4690144892599
0.572099235614995,59.5772456598696
0.572940287954989,59.7346788896621
0.57315254973527,59.7748265371567
0.573976152070798,59.9321448260108
0.574264270824264,59.9877450613562
0.574796988488874,60.0912979113673
0.575326631557196,60.1951947031766
0.575510322312009,60.2314420415412
0.576407247808878,60.409958536709
0.576809935818543,60.4909033168917
0.5771344002228,60.5564694729127
0.577584516852745,60.6479212086075
0.578033412909485,60.7396778708247
0.578530158473062,60.8418324808996
0.579361494605662,61.01416462383
0.579510260645184,61.0451749172545
0.580388995812507,61.2293382097792
0.580923834171728,61.3422055417274
0.581063315480249,61.371730460803
0.581701491406653,61.5072625857065
0.582377934801159,61.6516590024942
0.582638354910538,61.7074334008868
0.583470345104113,61.8862294637772
0.583564504007343,61.9065176510439
0.584332125214394,62.0722639463399
0.584519007068127,62.1127005745606
0.585458266169997,62.31633451205
0.585681947265752,62.3649100245387
0.58631439138751,62.5023725637887
0.586863657113281,62.6218507958211
0.587279657401145,62.7123657489721
0.587744967823848,62.8136046340592
0.58848298297124,62.9740895517502
0.58889800916845,63.0642509508445
0.589246405048994,63.1398671885387
0.58987586568878,63.2762776526227
0.590259800574393,63.359320031935
0.590952253571013,63.5087173234204
0.591309872762184,63.5856557410634
0.591652723727748,63.6592592500233
0.592278610998066,63.7931835262873
0.592716674593394,63.8865430662479
0.593176760485861,63.9842290928183
0.5938002261488,64.1159483392493
0.594304665215313,64.2219193363902
0.594743237679475,64.3135806577142
0.595283658848843,64.4258808523147
0.595546026483877,64.4801291594391
0.596411009385833,64.6576288057316
0.596839556736988,64.7447558842533
0.597161353726638,64.8098042108623
0.59786422441632,64.9507059334208
0.598101712735952,64.9979339265525
0.598775486800238,65.1308241027585
0.599328584517934,65.2386438383932
0.599852443244075,65.3396551423754
0.600221672678832,65.4101768139499
0.600858600908774,65.5304658834821
0.601088654044084,65.573476058342
0.601603951374418,65.6689443608792
0.602434593528742,65.8202081932001
0.602584284552373,65.8471109974753
0.603056361476774,65.9312177415884
0.603838446579524,66.068024365661
0.604341695302865,66.1543256985157
0.604948516434524,66.256520535634
0.605129438283155,66.2865848253791
0.605773710951908,66.3920960487691
0.606493086155388,66.5069700369203
0.606571627190802,66.519319703417
0.607082882583723,66.5987637975154
0.607679359524045,66.6893406126445
0.608483254798688,66.8077125025599
0.608750048745307,66.8460344971309
0.60943670442549,66.9424021665087
0.609754561479902,66.9858882367302
0.610498495726846,67.0848218694591
0.610526245535933,67.0884340357657
0.611368399145431,67.1953263414311
0.611830160158453,67.2516561445892
0.612338645039243,67.3117771490826
0.612677997106337,67.3507709832136
0.613338156714337,67.4239940456192
0.613971048716921,67.4908697403906
0.614405264598317,67.5348374760736
0.614904394094716,67.5834240584111
0.615397808769252,67.6293726920916
0.615987324048881,67.6815185956767
0.616305639234255,67.7084146878167
0.616743553400505,67.7439556388274
0.617006525041768,67.7644788127981
0.617529713255819,67.8034642896579
0.618189999286667,67.8491218646134
0.61883590138494,67.8899106142653
0.619116010254715,67.9063961597767
0.619913920254796,67.9493244350578
0.62047206735122,67.9757729378386
0.620997739219922,67.9979612406129
0.621149864965701,68.0038869617821
0.621548799210228,68.0183652197133
0.622381932635326,68.0436177012156
0.622758463001461,68.0528055452836
0.623495750894071,68.0667590993834
0.623993327384698,68.0731414628297
0.624469805332948,68.0769515849443
0.624660546447034,68.0778442033075
0.625156048252597,68.0784693818937
0.62550531909056,68.0774383218757
0.626424020224949,68.0689054929613
0.626637676195241,68.0657110786478
0.627244871549658,68.0541392996415
0.627770371601451,68.0411478476369
0.628439210108714,68.0206233215567
0.628824307517032,68.0067827543564
0.629360982847051,67.9850349649777
0.629950486625894,67.9578563827969
0.630303827491822,67.9399211302491
0.630849135021679,67.9098332290177
0.631357542069629,67.8791609923502
0.631527941819513,67.8683176248792
0.632201491003856,67.8227047861414
0.632913809933933,67.7697229510539
0.633064515001024,67.7578935643483
0.6335940866858,67.7146215842284
0.634356370121124,67.6477178362712
0.634767301237793,67.6094166567837
0.635319931160775,67.5554705263798
0.635851547324215,67.5009674113899
0.636395089736208,67.4426327002265
0.636578664520755,67.4223415495764
0.637455786920735,67.3213439586317
0.63794570660824,67.26206324412
0.63828323119937,67.2200476710828
0.638735506671597,67.162266363386
0.63922650553612,67.0976455483554
0.639919524710742,67.0031503686729
0.640193177112029,66.9647972160559
0.640837283046218,66.8722500867362
0.641313988070353,66.801740432057
0.641820600038045,66.7249728654302
0.642360101393075,66.6411916706904
0.64282515053649,66.5673327189509
0.643446331349085,66.4663727990394
0.643646888623014,66.4332262049465
0.644118170776055,66.3543037714322
0.644608847984695,66.2706275782748
0.645323740481865,66.1460548497324
0.645880549108028,66.0469204202961
0.646238015184295,65.9823372584415
0.646652942011599,65.9064780528926
0.647422019159072,65.7634182850996
0.647939016121672,65.6655301858814
0.648492742135888,65.5592246246723
0.648528933839407,65.5522252794896
0.649408575703041,65.3802500272101
0.64958007798891,65.3463175303442
0.650059596449602,65.2507755142382
0.650651310801972,65.1315740945647
0.651492176139727,64.9598456669899
0.651606061315164,64.9363867678742
0.652180303299683,64.8174093682316
0.652772072966793,64.6936477722345
0.653461637419066,64.5480560583565
0.65397920534364,64.437871235409
0.654302877533017,64.3685933578262
0.654592615776346,64.3063476186338
0.655402444925276,64.1312820284355
0.655796230947715,64.0456154800176
0.656245844266028,63.9474059031427
0.656664192810189,63.8556683037941
0.657460424682475,63.6801967504214
0.657735351103009,63.619365927942
0.65820894194569,63.5143115405961
0.658807443375699,63.3811059991079
0.65913167086069,63.3087564465567
0.659671412357711,63.1880527052402
0.660399791365489,63.0247020522266
0.660658516713185,62.9665665211211
0.661076919620507,62.8724419343365
0.661792470272165,62.7111969652438
0.662069541341974,62.6486811401871
0.662640031577088,62.5198451674944
0.663067519638571,62.4232181638831
0.663894916138612,62.2360422080567
0.664055005925009,62.1998082896535
0.664544372700504,62.0890225647593
0.665125596612925,61.9574095415515
0.665885082487483,61.785414624376
0.666432891399949,61.6613683977293
0.666838716757367,61.5694891447599
0.667188978903112,61.490204793585
0.667907822492649,61.3275455923306
0.668152236883994,61.2722595964631
0.668584101803601,61.1746000323015
0.669344048426021,61.0028403065939
0.669966063668835,60.8623444988358
0.670283950941055,60.7905737069691
0.670562220350723,60.7277644280542
0.671171312882565,60.5903359990049
0.671555775517249,60.5036246283777
0.67232763106667,60.3296090169366
0.672740316300886,60.2365984993391
0.673197334408877,60.1336128592031
0.673700321460608,60.0202794502589
0.674357662041904,59.872164982245
0.67498034247465,59.7318329014476
0.675452672040788,59.6253493225353
0.675636960796663,59.5837909430899
0.676059162215213,59.4885505060999
0.676519548841286,59.3846362834583
0.677390746186138,59.187773625477
0.677977035216987,59.0550803412885
0.678205720915925,59.0032672153833
0.678620680624736,58.909160649683
0.679399549616617,58.7321700458723
0.679781152695534,58.6452615183914
0.68023165181803,58.5424774819456
0.680636796397623,58.4498546708379
0.681159052510513,58.3301719121715
0.68185640488565,58.1698058817868
0.682266123841517,58.0752577983546
0.682620430296869,57.9932848476684
0.683003173641278,57.9044977632494
0.683762461047736,57.7275821430065
0.684214816887164,57.6216499054747
0.684935403319774,57.4520067190797
0.685386523515452,57.3452003015879
0.685839055002318,57.237561593265
0.686025259364978,57.1931198741726
0.686761329109198,57.0165299339414
0.687406321514398,56.8605232733356
0.687703154357732,56.7883051026248
0.688170148967882,56.6741220222213
0.688674710321124,56.5499433399241
0.689112430235953,56.4415017295077
0.689555985851097,56.3309083971147
0.690195128992782,56.1702400388822
0.69061794697342,56.0630645225333
0.691437547074514,55.8531916643337
0.691754703614512,55.7711946597571
0.692305568388081,55.6276889263388
0.69254876351438,55.563882857722
0.6933070553781,55.363088327261
0.693848464199924,55.2179499512729
0.694244524056558,55.1108020651443
0.694999087054632,54.9043001434684
0.695007245921879,54.9020498978925
0.695832272150903,54.6725156774613
0.696259736463195,54.5519982999365
0.696965963295544,54.3504124171627
0.697450171693228,54.2103596541074
0.697542501502554,54.1834799559314
0.698253411176731,53.97460091524
0.698907169748098,53.7794424387263
0.699372354971594,53.6387249446725
0.699844772912678,53.4941999879841
0.700423165464425,53.3149747889549
0.700872683070018,53.1739072792657
0.701187228620867,53.0742525572325
0.701942175430595,52.8318213228717
0.702483944446198,52.6549502865934
0.70256673572585,52.627703883106
0.703389756822609,52.3536463993748
0.70367718230735,52.2565419691969
0.704177854692447,52.0856308035263
0.704948517615208,51.818085001788
0.705403950648964,51.6573701736503
0.705520842686412,51.6158034336292
0.706439493330661,51.2845342486683
0.706803320834297,51.1510435537459
0.707055193421082,51.0578540564578
0.70773285023577,50.8039327029918
0.708123545993119,50.6553874765498
0.708859716373612,50.3711356702243
0.70921568863315,50.2316148267991
0.70954136529658,50.1027682350043
0.710253979212255,49.8167858783979
0.710702907307074,49.6337287552499
0.711185557698831,49.4343872291403
0.711764963179594,49.1915720609522
0.712424677649746,48.9103695246624
0.712502816425404,48.8767257860925
0.713082183563267,48.6250213601204
0.713828309392906,48.2949694248849
0.714178207276389,48.1378767084206
0.714864995475858,47.8251862706631
0.715425590099185,47.5656428274174
0.715937824923894,47.3250700313618
0.716479819612927,47.0669360389252
0.716929193140822,46.8500998119192
0.717101824063808,46.7661183116269
0.717685008124565,46.4795979759872
0.718450801880332,46.0967312441506
0.71878496807022,45.9272892100978
0.719092044354416,45.7703074019191
0.719930845314055,45.3352495073183
0.720355231726891,45.1116370233041
0.720550254826318,45.0080878141247
0.721009561512386,44.7622467803187
0.721647314694477,44.4163064183427
0.722373594770557,44.0158462921805
0.722917632833589,43.7113388941667
0.723495754053234,43.3835054577819
0.723963126614457,43.1152802060111
0.724324692824972,42.9058233070454
0.724750751577085,42.6568241682845
0.725318944376428,42.3210998899005
0.725773362601292,42.0496056733813
0.726283958866377,41.7413903290675
0.726759686655016,41.4512353171506
0.727154347591102,41.2083522098551
0.727902026665281,40.7428616740254
0.728286585500231,40.5007402356925
0.728890650140238,40.1167540257887
0.729256446930347,39.8820747496918
0.729878839351004,39.4790921203603
0.730467380823451,39.0938212633695
0.730965443616267,38.7646401290315
0.731227466732846,38.5903245521914
0.73175225648901,38.238873507467
0.732259841757244,37.8960406087388
0.732980107972748,37.4047723860519
0.733205687801354,37.2497815364354
0.733712640267215,36.8995414775978
0.73405464786361,36.6617792664093
0.734982407903997,36.0109919640445
0.735081585110864,35.940933333654
0.735840872862842,35.4015512482439
0.736344809754402,35.0407002799799
0.736753978919587,34.7460923753706
0.737284304499859,34.3621714456709
0.73793164555938,33.8904931782441
0.738440430563758,33.5175363316235
0.738643820491736,33.3679172321729
0.739240770049742,32.9271219530503
0.739637151655159,32.6331167112655
0.740142672804883,32.2567281007938
0.74084858406696,31.728631936854
0.741232178154518,31.4405277927869
0.741822917676647,30.9954134531382
0.742273167325184,30.6550854603748
0.74256115838117,30.4369577843758
0.743174794726423,29.9711331059992
0.743684481036034,29.5832530529539
0.744292283873307,29.1197363499542
0.744549230507459,28.9235164020056
0.74523820516339,28.3967407214901
0.745987767552841,27.8228841361981
0.746335942884441,27.5561668572881
0.74677634808817,27.2187412234206
0.747272414101521,26.8386934127834
0.747640959776356,26.5564275625772
0.748130671738996,26.1815705391404
0.748771313045174,25.691727551377
0.749355098200263,25.2461063040607
0.749566506038187,25.0849501116724
0.750158996391925,24.6340276716011
0.750740294746822,24.1928392215573
0.751278886139858,23.7853218485499
0.751906126870774,23.3124814182814
0.752362896867213,22.9694790705823
0.752632383420598,22.7676867751921
0.75349953447713,22.1215313673146
0.753646816675435,22.0122995027422
0.754110819337424,21.6692254678646
0.754746068538632,21.2022866038521
0.755439989602659,20.6961543615171
0.755721414352418,20.4921392254691
0.756028799132793,20.270171206991
0.756819012578344,19.7039121652639
0.75742183779215,19.2764199063077
0.757740352819557,19.0522035222606
0.75821578500222,18.7197531596374
0.758974098109873,18.1952731154591
0.759365868170746,17.9272211875897
0.759924247312592,17.5487626548215
0.760349564648466,17.2634213489693
0.760752524480107,16.9954977108186
0.761333388592815,16.613566861124
0.761931617492344,16.2256913684768
0.762076807111618,16.1324161125079
0.762584459907026,15.8089968287458
0.763270692806691,15.3787032942122
0.76376622846676,15.073077272527
0.764265274018515,14.7697395495819
0.764745122524211,14.4823963337726
0.765323629560182,14.1417647093323
0.765892578846309,13.8131016362877
0.766273733385373,13.5965243097046
0.766597532514599,13.4148525701694
0.767456301237573,12.9435692292023
0.767904488077969,12.703829611289
0.768367473288788,12.4607627509916
0.768626289002248,12.3269478813528
0.769495079800021,11.8887967396808
0.769906569712562,11.6873200947606
0.770399939545896,11.4509839063195
0.770742240398773,11.2904123160303
0.77138132665481,10.99819204188
0.771814725563745,10.8057164005223
0.772070719746291,10.6942187611478
0.772771765409154,10.3973235407129
0.77307824626693,10.2714601412596
0.773671022870229,10.034909845643
0.774449617892969,9.73820368107307
0.774690267890575,9.64975528582344
0.77533602787077,9.42011721835708
0.775945474330569,9.21380531838458
0.776091841390124,9.16577783976509
0.776779810494743,8.9480065615802
0.777216667419765,8.81660567507048
0.777629277640255,8.69745564974481
0.778499283492565,8.46217138948672
0.778839658331359,8.37606360891432
0.779265461094677,8.27309256081311
0.779696838464588,8.17418838586014
0.780297164422111,8.04568336714158
0.780727165974095,7.96021655490193
0.781109233362949,7.88891282851083
0.781803159319563,7.77063317002398
0.782117255812045,7.72188087912668
0.782880944050499,7.61586487673527
0.783423926070216,7.551336446209
0.78392366487754,7.49995816503043
0.784143347089994,7.47981069761289
0.784566185277887,7.44523466665414
0.785386895665782,7.39396632439707
0.785951939638238,7.37086754052549
0.786173117595259,7.36454259294718
0.786512504681363,7.35781450015707
0.78726748479018,7.3557988753324
0.787580743446131,7.36021584175366
0.788436166834203,7.38799477564138
0.7889451638764,7.41545093161817
0.789109503892367,7.42605737205285
0.789510526561062,7.45550762467919
0.790338941296097,7.53236863822677
0.790659949948313,7.56795283827739
0.791488538529957,7.67475440955206
0.791552004503901,7.68382241026684
0.792438319555717,7.82362353807908
0.792898691321956,7.90591246649765
0.793066670782515,7.93758007368009
0.793611934603541,8.04640919973881
0.794348572810995,8.20803870538186
0.794693390399683,8.28943914999761
0.795427400764893,8.47484342034047
0.795723829984316,8.55437569062418
0.796024947413825,8.63789617649745
0.796844407438766,8.87904684669319
0.797358551696991,9.04062715674835
0.797744006671361,9.16692230490062
0.798335936472635,9.36941371234788
0.798564437191118,9.45033252628927
0.799441456710687,9.7750118609052
0.799894892869634,9.95157246616949
0.800070129064494,10.0213799166499
0.800961979401647,10.3901173602445
0.801291515909601,10.5320027945907
0.80182327368611,10.7672919558884
0.802003635496134,10.8488601670454
0.802804337573005,11.2216292612248
0.803044938776293,11.3370057022483
0.80397967640555,11.7997453760577
0.804390789766214,12.0104643115148
0.804639416557853,12.1400014483575
0.80546822602977,12.5830925975253
0.805667479507509,12.692167554192
0.806386031946982,13.0935767738354
0.806732553079957,13.2916025258728
0.80706563209137,13.4846292127957
0.807650345089613,13.8297455845026
0.808472507313243,14.3282126025211
0.808723351914086,14.4833011019129
0.809270888060215,14.8265939212331
0.80962072166102,15.0493006999852
0.810073251948343,15.3412032985726
0.810818375516799,15.8310015793001
0.811326178150252,16.1711503969715
0.811574231848703,16.3391319201784
0.812466037736507,16.9526639567106
0.812770617649774,17.1655552990999
0.813483702845988,17.6704068827922
0.813844512956333,17.9291908522629
0.814264234452741,18.2329606501065
0.814710049690562,18.5587478635463
0.815420417536166,19.0842895070407
0.815633692464093,19.2435652509863
0.816303038171725,19.7477351535408
0.816854473669548,20.1678041739113
0.817360988668283,20.5572283730521
0.817567288633902,20.7167832599473
0.81845980084769,21.4130618998011
0.818955209611333,21.8035396612063
0.819117566829897,21.9320963273395
0.819823919362971,22.4946094192988
0.820425175393582,22.977317704515
0.820580833137385,23.1028339221999
0.821112973234034,23.5335429786534
0.821858601546148,24.1409749266252
0.822099317386514,24.3379835325114
0.822968341305968,25.0525501621091
0.823432355450233,25.4360378754175
0.823659082581289,25.6238626666875
0.824185581406229,26.0610546704327
0.824862398940138,26.6249571189858
0.825451505776145,27.1172513916905
0.825663744533318,27.2948976409518
0.826276337016607,27.8083573972824
0.826789351481246,28.2390198528522
0.827490237446269,28.828081579093
0.827734454706893,29.033457183566
0.828412969435216,29.6041989082331
0.828891293409048,30.0065288254207
0.829101209702436,30.1830532676998
0.8297808199703,30.7542330609984
0.830194076096057,31.1012071959431
0.830596601863508,31.4388313631722
0.831242918469128,31.9800604617217
0.831662638198817,32.3308420034861
0.83216713056725,32.7516232650309
0.83291564633674,33.3739634443131
0.833278978459886,33.6750908770989
0.833680284752627,34.0068868723023
0.834292424221523,34.5112344009142
0.834614515996887,34.7756899730185
0.835335565078654,35.3652216258189
0.835526300219703,35.5205585905777
0.836348517484264,36.1870514366185
0.836829796569422,36.5746831843183
0.837267110837041,36.9252069688826
0.83784344196145,37.3845671616684
0.838364950329531,37.7975725877473
0.838930877799401,38.242761827603
0.83919392012863,38.4485863729071
0.83966244313214,38.8134114152922
0.840389498391538,39.3748693524376
0.840984122177586,39.8296612074906
0.841491629994125,40.2145753555375
0.841710739136441,40.3798084719719
0.842309224515804,40.8281504162793
0.842896770996856,41.263945608128
0.843202896025614,41.4892545711163
0.843998877088772,42.0693417417774
0.844203106974834,42.2168125268303
0.844851068036398,42.6809187710661
0.845314346189145,43.0091661272228
0.845921467724373,43.4347201080354
0.846414927419392,43.77668294653
0.846859575988608,44.081759045538
0.847108314613113,44.2511394485354
0.847527389276656,44.534411377612
0.84844465187029,45.1451034688378
0.848541855586111,45.2090599725046
0.849016643079929,45.5193366818547
0.849648037313367,45.9264665348909
0.85042273681669,46.417328070316
0.850712447309517,46.5984116086343
0.85138113669341,47.0111674214435
0.851650717344019,47.1755000093839
0.852002405361738,47.3880854928845
0.852854287008173,47.8945280852285
0.85314156167442,48.0625842395206
0.853991320938454,48.5515812184607
0.8544177277243,48.7923663042658
0.854617376575596,48.9040456051715
0.855318030240363,49.2906134835987
0.85556871107663,49.426887795803
0.856244746239739,49.7890366916397
0.856738054545829,50.048358670486
0.857399826569133,50.3896778628804
0.85796158553753,50.673507441486
0.858075278538629,50.7302907428916
0.858696997490828,51.0368730726027
0.859352672203444,51.3529998804023
0.859581451539067,51.4615653118564
0.860224512409768,51.7619146501359
0.860558745647315,51.9152234991902
0.861168482616311,52.1899815475196
0.861884486681549,52.5045323936351
0.862407539708307,52.7288122384574
0.862803200862487,52.8953920771613
0.863043755187071,52.9953783935019
0.863529083871865,53.1941428880103
0.864459295457345,53.5640936794611
0.86470849328686,53.6607568982681
0.865202660569339,53.8494072939879
0.86596751293214,54.1334838140434
0.866027733800467,54.1554449060307
0.866937947635888,54.4802227696409
0.867151896748925,54.554626155022
0.867883766420302,54.8036222333414
0.868436736831907,54.9861346074539
0.86894207501167,55.1487405857852
0.869034543117741,55.1780651587786
0.869585622725543,55.3500948299652
0.870409262187197,55.5985625269938
0.870786910462426,55.7090659653509
0.871465446949005,55.9022814965415
0.87182044447877,56.0006689936161
0.872104836170911,56.0781645148243
0.872921226231731,56.2941656364078
0.873121578609571,56.3457268165795
0.873684385714121,56.4875563609317
0.874498063282226,56.6848724737623
0.874847703056294,56.7668983700921
0.875006151888985,56.8035313701606
0.875650268489495,56.9490284565916
0.876088209880167,57.0448590228367
0.87692779199034,57.2217223091997
0.877125706704799,57.2621244444941
0.877891236496274,57.4138660988421
0.878165447777836,57.4664944016873
0.878639342421549,57.5553434435719
0.87929449458071,57.6738683058786
0.879963524335995,57.7898718215701
0.880062092607026,57.8065415825696
0.880864258108079,57.9382747660947
0.881102509804652,57.9760765984347
0.881671428402187,58.0639513492239
0.882316123901052,58.1595509504848
0.882824807664962,58.232083433499
0.88311052792496,58.271730496762
0.883699032014585,58.3509753172764
0.884024607827538,58.3934483643088
0.884836155547411,58.4952177796791
0.88534323514509,58.5559309249298
0.885933686719043,58.6239479966097
0.886025376791251,58.6342582837448
0.886530284747831,58.6898518250401
0.887387112861383,58.7797655250552
0.887969271109207,58.8378200759891
0.88826068489009,58.8659969919121
0.888641963220551,58.9020009010194
0.889127883969108,58.9465127068155
0.889572912923875,58.985975995296
0.890108416992007,59.0318783871587
0.890755904644611,59.0851775689444
0.891438456827193,59.138899094787
0.891696567234001,59.1585881383453
0.892387194577837,59.2096714420755
0.892735031678574,59.2345577166727
0.893354735772358,59.2775799675225
0.893670998384245,59.2989182368351
0.894499250379507,59.3529575900325
0.894537471083458,59.3553900642438
0.895201600693399,59.3968511953321
0.895746462566778,59.4297923828654
0.896015807759133,59.4457437805161
0.896980071690981,59.5012053712088
0.897228664760827,59.515119793089
0.897798566015786,59.5464849084136
0.898289496221929,59.5729559180812
0.898956300221966,59.6081898975139
0.899183500477578,59.6200246138668
0.899741653935052,59.6487720977909
0.900169327555108,59.6705179973251
0.900736003225087,59.6990101930181
0.901427036425099,59.7333469596501
0.901805481343879,59.7519998564465
0.902392244889168,59.7807604259141
0.902878236794728,59.8044747681272
0.903219714911073,59.8211001384417
0.903842164953821,59.8513687337619
0.90446585331182,59.8817085649344
0.904534977235948,59.8850746809505
0.905148120449739,59.9149871177694
0.905663172384258,59.9402180518646
0.906420670498512,59.977568453454
0.906826649580849,59.9977337949783
0.907473748277291,60.0301296292735
0.907573790874332,60.0351686041272
0.908217133276397,60.0677871850251
0.908901005223277,60.1029020958556
0.909106670503272,60.1135582830792
0.90980962564412,60.1503375745084
0.910407273136545,60.1820639960431
0.910969784159795,60.2123293123699
0.911181003245641,60.2237981750082
0.911780946625746,60.2566932847989
0.912261358314077,60.2833815070528
0.912634765160969,60.3043422825932
0.913311358716339,60.3428118200182
0.913771542620147,60.3693402020281
0.914172778952168,60.3927112756768
0.914857374891406,60.4331043203664
0.915489359236672,60.4709671392893
0.915579468739917,60.4764101113999
0.916462101646815,60.5303005938157
0.916654238642775,60.5421681297372
0.917291955091525,60.5818968226434
0.917668838177924,60.6056154031504
0.918266945012845,60.6436078334677
0.918687331000343,60.6705595769513
0.919216608310468,60.704770189169
0.919694464604021,60.7359095517349
0.92033617774921,60.7780783776305
0.920936338698957,60.8178523857557
0.921239237818285,60.8380391397205
0.92153899754642,60.8580857226296
0.922030542958179,60.8910954250862
0.922589640176506,60.9288270845361
0.923037253255141,60.9591579937282
0.923914867708809,61.0188780527342
0.924274107036646,61.0433964733666
0.924967184536508,61.0907738616483
0.925294343770132,61.113156485267
0.92559673016076,61.1338464014677
0.926395923396573,61.1884952181985
0.926920163011178,61.2242764531644
0.927458401960903,61.2609204424056
0.9275231767816,61.2653224607619
0.928279820566648,61.3165858064728
0.928997789591434,61.3649006264908
0.929116608052049,61.3728596259734
0.929863016292104,61.4225803817597
0.930265307667549,61.4491580117287
0.93051698897779,61.4656982970432
0.93146302932885,61.527202361717
0.931940893033054,61.557824463237
0.932334574601729,61.582804230204
0.932818757964531,61.6131978133738
0.933396483311662,61.6489555210892
0.933526385367033,61.6569155174184
0.934319297717186,61.7048241801828
0.934777239278308,61.7319334099685
0.935219143965864,61.7576800877954
0.935734056540648,61.7871435643289
0.93643186879938,61.8261011468746
0.936865544307162,61.84972111629
0.937013344664592,61.8576636755582
0.937686712103197,61.8931354858284
0.938008352632751,61.9096536232201
0.938574015291175,61.9380111511478
0.939367130660685,61.9762265099258
0.939531155118602,61.9838973466253
0.9401318471384,62.0112875015675
0.940767146367696,62.0390229784646
0.941089323184686,62.0525901620333
0.941693494767766,62.0771039130738
0.942027451408212,62.090123330978
0.942884553587995,62.121760136058
0.943057968896697,62.1278436581753
0.943747181641054,62.1509399957309
0.944259852642776,62.1669787840316
0.944850733639789,62.1842292887331
0.945146758548915,62.1923661086766
0.945722490269458,62.2072090818243
0.946271569679375,62.2201382146061
0.946839478236623,62.2322294356996
0.94744316291518,62.2436307752991
0.94781717001833,62.2499336978002
0.948258801573422,62.2566181256036
0.948986856266274,62.2658239716996
0.94922011130699,62.2682908514092
0.949905921956408,62.2741722778013
0.95034389879182,62.2768479215913
0.950701260439935,62.2784016108068
0.951386625002953,62.2797854892542
0.951556394846644,62.2798020265355
0.952463554807589,62.2776760062961
0.952887255648733,62.2753963303189
0.953293008187902,62.2724397737158
0.953984800709528,62.2656442168845
0.95427558481798,62.2621243889894
0.954838895936729,62.2541832930785
0.955274558422971,62.2470227496287
0.95563620971865,62.2404012846075
0.956352516805171,62.2254666311228
0.956651958664064,62.2185047162909
0.957337712779525,62.2009605244608
0.957581970066298,62.1941724493948
0.958262406696216,62.173767191266
0.958606143491925,62.1626215495063
0.959125516574131,62.1447137356773
0.959574948351481,62.1281806909821
0.960290680472623,62.0998660248454
0.960567491009715,62.0882615817944
0.961215533798328,62.0596699840645
0.961501606973587,62.0464141408093
0.962369558521779,62.0038235623475
0.962888886831934,61.9766384611677
0.963461028357269,61.9452195711724
0.963625968599459,61.9358767484522
0.964290157733485,61.8969674044032
0.964702553493087,61.8717744692998
0.965438878325862,61.8248342801451
0.965852396362694,61.7973778363624
0.966318732225918,61.7654755012033
0.966985840778449,61.7181193388612
0.967195331138908,61.7028333371962
0.967797073280555,61.6578309423356
0.968299108972889,61.6190512643091
0.968865825025248,61.5739393892767
0.969194867280312,61.5471023008387
0.969985075983452,61.4807390376688
0.97018015987426,61.4639435952504
0.970983666419401,61.3930702981522
0.971384794502635,61.3566783792797
0.971909688615357,61.3080563243707
0.972081846436369,61.2918641194323
0.972771015095874,61.2258492628637
0.973356311370502,61.1683034444482
0.973638872604817,61.140043347433
0.974015809177305,61.1018655307165
0.974745824675774,61.0263946892147
0.975255454207421,60.9725340671809
0.975927114140592,60.9001113589202
0.976298852699925,60.8593402985788
0.976747961927671,60.809443961063
0.977125772393541,60.7669369543481
0.977900301433867,60.6783149353177
0.978204200154753,60.6430124300858
0.978514051741222,60.606718348103
0.979315804277896,60.5114373791302
0.979529865782126,60.4856729488161
0.980411840711022,60.3781302141722
0.980742784052389,60.3372188611947
0.981389693406178,60.2564067517381
0.981646472905995,60.2240309304511
0.982494712580461,60.1159305078474
0.98299790113722,60.0510070640783
0.983156678447151,60.0304034833496
0.983947884163237,59.9269329134114
0.984010221699136,59.9187259780197
0.984535728990915,59.8492395357396
0.985053157104761,59.7803167184583
0.98581987988716,59.6773342136967
0.986028574522934,59.6491387059486
0.986871864119428,59.5345521297773
0.987039970989106,59.5115923799693
0.987923269609688,59.3903819612654
0.988129664530861,59.3619324925829
0.988726034223917,59.2794910300492
0.989308213929762,59.198708586088
0.98959669042076,59.1585841317737
0.990471606660634,59.036574808023
0.990874107616022,58.9803178315205
0.991182710851775,58.9371446311709
0.991612006092211,58.8770433999772
0.992436097370693,58.7615944492425
0.992848403797252,58.7038298280712
0.993172907210188,58.6583797084945
0.993956528106588,58.548725475207
0.994261932636495,58.5060461601726
0.994693809197866,58.4457659471776
0.995321767781978,58.3583048720017
0.995828764160862,58.2878876737991
0.996473563220468,58.1986336609326
0.996511726431898,58.1933628145668
0.997441923949635,58.0653487815779
0.9979953827844,57.9896435454155
0.998454623853904,57.9271185653494
0.998901082937839,57.8666078922157
0.999192711041309,57.8272364444106
0.999655115403701,57.7650723945205
