feasible,ei
0.000366178941563703,0.708833669621526
0.000616552686900832,0.707397050602854
0.00121232937462628,0.703835331826987
0.00174566547770519,0.700474054643276
0.00235149382357486,0.696455374723033
0.00270057043642737,0.694042003680543
0.00317733743647113,0.690629252123419
0.0039202382954536,0.685040743410422
0.00402018279652111,0.684263554095097
0.00482484498177655,0.677785458141621
0.00506885177956428,0.675742978112243
0.00567489042098168,0.670511845989036
0.0063887956677936,0.66405856004743
0.00673031234776136,0.660859517399672
0.00709790759161115,0.657334935997348
0.00773550493398216,0.651021144048539
0.00820093104522675,0.646251369333722
0.00878962014336139,0.640023496836061
0.00908746496785898,0.636789539539635
0.00986202565394342,0.628118390182149
0.0103462641772348,0.62250596887252
0.0105361734577455,0.620264747137597
0.0114465260664001,0.609208120753674
0.0117469533593394,0.605446006023737
0.0121516801912803,0.600289351872611
0.0129329663036624,0.590049458908574
0.0134084637167398,0.583634698514796
0.0137991529058199,0.578261543579139
0.0143925664736889,0.569925069055522
0.014656536535942,0.566149415880503
0.0154794910674682,0.554115986118763
0.0159446094098967,0.547141627771765
0.016354623255902,0.540891542973654
0.0167581435547909,0.534648457846522
0.0174481334309094,0.523765749723168
0.0175606963983737,0.521965933594963
0.018124035334331,0.512857493107532
0.0186597933799494,0.504041825571008
0.0193692427792121,0.492145488668697
0.0196843200105941,0.486783193934109
0.0201296789413318,0.479123334195549
0.0207214385621482,0.468804435452743
0.0212747218172299,0.459016595409846
0.0218647881987272,0.448436132958324
0.0220970823925454,0.444232352987431
0.0228155056742253,0.431100478871887
0.0233624672829174,0.420977501592198
0.0239278802413028,0.410407692882114
0.0242685794194695,0.403990417178814
0.0245348146222532,0.398951965211086
0.0252549178060144,0.385227551726501
0.0257109274022514,0.376470179574117
0.0264212582306936,0.362740258961654
0.0269284977001371,0.3528795600376
0.027012794878101,0.351236906506635
0.0277555092709372,0.336723872839901
0.0280834658202948,0.330296616303642
0.0287170505987015,0.317857969835412
0.0293287645616801,0.305834579841203
0.0299762658958789,0.293110009595399
0.0301457293491112,0.289782410267655
0.0306319938239176,0.280245132499331
0.0310231470878935,0.272589546325282
0.0315402276779059,0.262499617903849
0.0321975027158624,0.249739030535196
0.0326925581556279,0.24018811489551
0.033346703546471,0.22766521648456
0.0339456635289826,0.216313501766777
0.0341823926339857,0.211861171485833
0.0348015850591473,0.200317973762825
0.0351445305661764,0.193993924296276
0.0356175297828158,0.18536041938966
0.0362849757845979,0.173368821831946
0.0367829302371247,0.164581563511263
0.0370031237993389,0.160742367666934
0.0378052990726428,0.147014874576682
0.038172574236989,0.14087378477174
0.0389197951875394,0.128681411518128
0.0391999293034896,0.124220289024199
0.0395060947751626,0.119416382308062
0.0403286498156376,0.106898672759119
0.0408608865949791,0.0991164443586836
0.041136534650228,0.0951885762584901
0.0416022447440773,0.0887167438208056
0.042305457843584,0.0793492413078436
0.0427185006095096,0.074082036542876
0.0432617035044823,0.0674282570382587
0.043955405558343,0.0593949366414677
0.0443361503812484,0.0552121568807191
0.0446457654067781,0.0519310736391425
0.0453661973924609,0.0447197191359532
0.0457887082913658,0.0407688699142614
0.0461029524999904,0.0379648538687807
0.0468036046279594,0.0321270556048479
0.0472125235262793,0.0289839924671895
0.0477198267671047,0.0253536353818014
0.048063713730895,0.0230606282245809
0.0488127652859548,0.0185279688231912
0.0492312296939781,0.0162656224024449
0.0495828102020314,0.014510393926237
0.0504784281475004,0.0106167603883591
0.0507717767532449,0.00951418378910951
0.0512196670622798,0.00798640470204148
0.0516941473907791,0.00656351274742661
0.0521607609689236,0.00534860259369729
0.0528753455118276,0.00381319824043658
0.0530899705758784,0.00342272090447793
0.0535866249203682,0.00263279735862376
0.054186159081175,0.00187052117021302
0.0546401506826514,0.00141505882045045
0.0550528748530196,0.00107986687830142
0.0556774013839895,0.000693765756807352
0.0564897118236404,0.000364342030259479
0.0568644662149018,0.000262760706460696
0.0573566936990246,0.000165623288612693
0.0578211587495171,0.000103250450171899
0.0584470110288821,5.12243237160703e-05
0.0586106997121824,4.20773834850507e-05
0.0591253506169887,2.17822633636899e-05
0.0598121061958373,8.14460680764739e-06
0.0601050590001978,5.13791532696928e-06
0.0606828711123671,1.90935401356285e-06
0.0614278083331883,4.45183841790708e-07
0.0619739221611526,1.32135019370594e-07
0.0624424289196031,4.16926386748173e-08
0.0626124522718601,2.66943196436387e-08
0.0633749474912183,2.98768298989671e-09
0.0638396930214949,6.71153799203239e-10
0.0641931458767503,1.98964400510704e-10
0.0645781593730207,4.91340301778109e-11
0.0654156366336392,1.90603088867647e-12
0.0659924537668703,1.91846538655227e-13
0.0660187225594418,1.72306613421824e-13
0.0669746249292511,5.32907051820075e-15
0.0674516542882193,1.77635683940025e-15
0.0677606763197109,0
0.0683253124530893,0
0.0687672201135429,0
0.069441414664383,0
0.0696329575512791,0
0.0700654560802504,1.77635683940025e-15
0.070658798403223,1.4210854715202e-14
0.0710811572207604,6.57252030578093e-14
0.0715485767499777,4.52970994047064e-13
0.0721588412082056,6.3646865555711e-12
0.072950363641954,1.79808168354612e-10
0.0733994410471059,1.04993169713907e-09
0.0735510654770769,1.85374382510872e-09
0.0743396948616719,2.80745702241347e-08
0.0746372344816336,7.04878733159831e-08
0.0751154685779475,2.75792647386197e-07
0.075604233759339,9.68536284062793e-07
0.0763888921993785,5.60256358816957e-06
0.0769086452149786,1.53377275964317e-05
0.0772927212866489,3.01111399672038e-05
0.0776403309338493,5.29538176721189e-05
0.0782987078275764,0.000138644888865613
0.0789001680124784,0.000300211041613707
0.0791130632566055,0.000386217723479021
0.0797840701610548,0.000800529217011459
0.08041959196073,0.00147304163971107
0.0809665577575797,0.00235899590743927
0.0813265519876732,0.00313964334502437
0.0816669747756096,0.00404915438478071
0.0821119470506674,0.00552702077938427
0.0825088694251608,0.00715983374964146
0.0830745743543375,0.0100736380202857
0.0836557688612957,0.0138825367026456
0.0841380016782787,0.0177452833222826
0.0846804323625984,0.0229256358583285
0.0853402918541105,0.0305188352921455
0.0858434077994898,0.0373247398214556
0.0860449870083248,0.0403090070498333
0.0868673689637799,0.0540664330649339
0.0870025085154921,0.0565756926030492
0.087529043738381,0.0670357779797275
0.0881675604173215,0.0811967511859368
0.0885982399787754,0.0916694305982162
0.0890749904576223,0.104128617937643
0.0899189079813659,0.128399675271108
0.0902276482112939,0.137978225463009
0.0907504903790541,0.155037967541679
0.0910448011970147,0.165097764108156
0.0915205669846618,0.182041357588218
0.092019312932156,0.200686477728732
0.0925608419307973,0.221922788571177
0.0934410315793939,0.258544888892491
0.0937126422624569,0.270349037951537
0.0941537798665231,0.29000375487197
0.0947920239611994,0.319454746759348
0.0951488813688047,0.336419776633884
0.0958005811022595,0.368270943674695
0.0963257381040603,0.394707989768037
0.0968948676473228,0.424081107455981
0.0973064302875428,0.445760113055204
0.0979870680663735,0.482358312193599
0.098054110652185,0.486010649859018
0.0987424839157611,0.523967439396316
0.0993220289953752,0.556520225147707
0.0998283894859487,0.585362557929438
0.100182628877927,0.605741531114393
0.100949559990549,0.650366476256123
0.101110927655711,0.659835104043932
0.101873196452041,0.704883051988066
0.102447791622486,0.739139790761829
0.102503185679088,0.742453893937412
0.103171281078598,0.782558964581826
0.103912145979819,0.827261123432708
0.104340294289635,0.853168228761092
0.104991608033888,0.892633569742582
0.105031528401887,0.895053473634261
0.105696075591841,0.935330878991138
0.106187127879355,0.965061184576724
0.10678804254625,1.0013661426416
0.107304381722584,1.03246241638112
0.107778638918418,1.06091909219979
0.108134385814425,1.08218591063877
0.108738889542175,1.11814227821132
0.109467848459026,1.16114746223719
0.109695763101103,1.17450378718104
0.110234238144592,1.20587215993002
0.110644763801829,1.22959685923684
0.111169459851459,1.25965991003422
0.111874655712396,1.29956708905175
0.112460508263321,1.33224988757838
0.112894438403775,1.3561621876615
0.113060045480146,1.36521894307586
0.113654628460878,1.3974068969663
0.114459364391863,1.44010937371935
0.114996280038147,1.46801522626049
0.115279679046362,1.48254703728153
0.115578912526951,1.4977380467919
0.116418626741623,1.5394986355246
0.116864969438291,1.56115448922248
0.117325755233876,1.58310077055083
0.117956546500558,1.61244552685741
0.118441341750906,1.63443192931045
0.118737710047164,1.64762355550458
0.119126187663642,1.66462231728269
0.119893639703048,1.69720225579732
0.120055005014292,1.70387943346785
0.12095285522996,1.73990000168885
0.121186031316058,1.74893443980518
0.121776258719736,1.77119721854514
0.122018662221846,1.78008500836271
0.122624770475551,1.80164411727891
0.123100284191314,1.81788208260972
0.123573195394012,1.83342981577914
0.124341757681337,1.85739103499529
0.12481323523866,1.87127336055282
0.125162540664314,1.88115069744443
0.125507029502885,1.89054767779067
0.126319157100283,1.91132724487901
0.126986705625197,1.92693702484199
0.12715526522568,1.93066552388236
0.127711929373792,1.94236095572217
0.128180640478153,1.95146552715343
0.128591784532298,1.95888611466438
0.129164706026786,1.96833495413182
0.129504380914383,1.97344203487563
0.130201319583226,1.98275429804611
0.130906814559363,1.99056576648204
0.131013285657158,1.99160225031546
0.131509345810395,1.99593543142361
0.132364370104508,2.00147327167775
0.132653198916465,2.00278742947141
0.133370088147116,2.00482513300274
0.133875234420062,2.00520697577241
0.134009924820624,2.00516096938313
0.134594110842212,2.00423848809187
0.135147524968372,2.00227728008675
0.135581048601773,1.9999994343395
0.13627808374702,1.99496741175961
0.136692756162374,1.99117109185585
0.137063721579034,1.98726682942929
0.137999783455511,1.97528145993148
0.138495230156695,1.9677015164209
0.138996753718005,1.95915851777912
0.139195088579785,1.95553891773403
0.139536742566503,1.94898383152308
0.140485639888677,1.92866160668008
0.140772794241086,1.92190096205781
0.141419764983235,1.90563555679391
0.141527083606808,1.90279961828796
0.142056276715361,1.88824503858661
0.14294708841003,1.86161878546405
0.143480234064278,1.84442113756194
0.143722789602936,1.83628755317119
0.144065930150566,1.82445305396354
0.144955583669245,1.7920001026406
0.14538915869873,1.77527104071962
0.145926619460923,1.75371719220021
0.146053624134162,1.74849332798864
0.146531272456166,1.72840554452223
0.147305098111974,1.69440462897156
0.147755480125896,1.67380297588543
0.148233407197869,1.65130233452355
0.148564151150174,1.63535274732704
0.14922551202937,1.60255264965395
0.149778497009305,1.57422282625999
0.150474046505406,1.53745946952116
0.150526764780283,1.53462301245515
0.15139984407241,1.48665754239237
0.15154988655448,1.47823095625047
0.152037330511608,1.45049739600515
0.152715669588535,1.4110225997298
0.153347137415549,1.37340119653306
0.15385657584283,1.34247019644813
0.154363723205752,1.31119298477978
0.154886883594096,1.27845034436849
0.155328077501734,1.25048360801946
0.155709762433078,1.22604385494026
0.156195043582935,1.19466397585003
0.156703783097095,1.16142690609199
0.157083161379327,1.13643403481281
0.157940853500855,1.07935892394216
0.158384627756313,1.04956086835315
0.158677743326291,1.02979533606681
0.159000631604926,1.00795524412473
0.159734192136559,0.958128760138977
0.160131901670131,0.931027057667104
0.160787151049706,0.886306269954352
0.16135284931527,0.847689359329545
0.161760599962669,0.819886502214903
0.1622234960231,0.788389539852378
0.162858280896326,0.745373605393581
0.163107667691773,0.728548173806244
0.163939688950079,0.672813776450578
0.16406382588367,0.66456018489999
0.164566153677762,0.631355821984954
0.165102948444779,0.596261023697545
0.165873282814398,0.546722242617474
0.166449513172964,0.510403009718731
0.166606552821584,0.500626576631168
0.167012457074365,0.475617133451188
0.167921083653113,0.421118377132149
0.16807783902681,0.411941795620738
0.168914554667776,0.364196764081838
0.169304721626337,0.342692963093034
0.169857983243419,0.313095372763321
0.170151752082282,0.297828017861953
0.170808800040279,0.264870457136171
0.171430727334577,0.23527142462463
0.171783811340225,0.219193614804693
0.172427309169318,0.191305010386122
0.172622433408513,0.183219601702802
0.173304596078116,0.15635379960948
0.173506907978561,0.148813263661889
0.174466925098794,0.115766782390843
0.17465820342896,0.109729899135655
0.175455104282824,0.0865596565133906
0.175824759341427,0.076897451677338
0.176453215065645,0.0620381596890827
0.176649080988369,0.0578060171209369
0.177474869098282,0.0419948740783873
0.177816811317229,0.0363810011136465
0.178382019934943,0.0282408517389445
0.178850883655716,0.0225105634847704
0.179489381100051,0.0160844312863357
0.179895951082348,0.0127504461003412
0.180446217623656,0.00907763519461824
0.180770633294596,0.00731907734901682
0.181000797083951,0.00623622886320874
0.18151286829717,0.00426504958340601
0.182466486464487,0.00190263102562049
0.182594519420294,0.0016881991021318
0.183291926348116,0.000834098164618879
0.183551056263037,0.000625826095909332
0.184471642057528,0.000198084723072256
0.184846317114425,0.000116085933875354
0.185195324497996,6.78322027987122e-05
0.18563945482648,3.22136962864761e-05
0.186146287349402,1.25480873123252e-05
0.186557380457409,5.38310065678616e-06
0.187365398824681,7.98698897241934e-07
0.187790302995592,2.52825412161428e-07
0.18828657461144,5.71629907852866e-08
0.188683867556741,1.54375090488656e-08
0.189321029349929,1.50296308731868e-09
0.189533260222292,6.49929887686085e-10
0.190488525467808,1.07132080984229e-11
0.190719794079312,3.74278386061633e-12
0.191301748953294,2.62900812231237e-13
0.191881015348365,2.1316282072803e-14
0.192447292426717,3.5527136788005e-15
0.192550884563592,1.77635683940025e-15
0.193482647638069,0
0.193618886792334,0
0.194499439317966,0
0.194664999772329,0
0.195303267913754,0
0.195733929339796,1.77635683940025e-15
0.196393774497323,2.30926389122033e-14
0.196578598350636,4.61852778244065e-14
0.19744564708625,1.34825484110479e-12
0.197931807513698,8.36308799989638e-12
0.198119688638952,1.65094604653859e-11
0.198756371984025,1.4560264105512e-10
0.199127679587807,4.69400518454677e-10
0.199622840662254,1.99163707748085e-09
0.200320016272017,1.2280761296779e-08
0.200876086183125,4.43394707616562e-08
0.201214217562927,9.06082551210829e-08
0.201632323034806,2.05818750487197e-07
0.202071432475466,4.54609438094167e-07
0.202618483832688,1.1155653911743e-06
0.203285099306726,2.95784744963612e-06
0.203752293807804,5.47045067555985e-06
0.204057133110473,7.95095513872468e-06
0.204512672850396,1.34026468909809e-05
0.205062017983408,2.38585745293562e-05
0.205652069005067,4.18512077757782e-05
0.206424042147584,8.07198057941605e-05
0.206718238966423,0.000101545693567573
0.207490692997701,0.000176791331799819
0.207673286412028,0.000199667658558056
0.208084515543422,0.00025948636269213
0.208838760295534,0.000403296601955816
0.209169696708443,0.000482221522361215
0.209850257846992,0.000678972824401214
0.210096375249559,0.000762441350456555
0.210955246698926,0.0011097237718829
0.211413353049313,0.00133278671512826
0.211532203559065,0.00139515241345123
0.212367818469414,0.00188750664753101
0.212507051721914,0.0019788625929138
0.213362106118584,0.0025990104679785
0.213849430162925,0.00299779866739769
0.214129289686331,0.00324148117250189
0.214960158125032,0.00402614406907986
0.215022033775342,0.00408813459482005
0.215766445342801,0.00487050817891443
0.216034962750389,0.00516856634774143
0.216927629739861,0.00621418711116206
0.217368667262373,0.00675880752234903
0.217688727336237,0.00716422734834055
0.21848679452634,0.00820721799068025
0.218733774577035,0.00853789253635995
0.219165616195416,0.00912329749131047
0.219990091408254,0.0102600790946816
0.220027991110925,0.0103127633799751
0.220547660890385,0.0110372982406126
0.221073852148373,0.0117725557561812
0.22183334638935,0.0128296255446116
0.222361509169219,0.0135570205405813
0.222995745300781,0.0144169051483694
0.223073066302459,0.0145204803195504
0.223652523826226,0.0152863666376319
0.224359670922393,0.0161924619499807
0.224717027433566,0.0166365844459229
0.225237069243682,0.0172644466585012
0.225852771379286,0.0179770424969767
0.226326616102597,0.0185009750553533
0.226955557059497,0.0191613152581738
0.227013557515107,0.019220121578261
0.227739383001812,0.0199250940632396
0.2282854981774,0.0204167123197294
0.228565023255534,0.0206551204071594
0.229156504746876,0.0211295938379266
0.22958540406276,0.0214479010995525
0.230265059636207,0.0219076735698387
0.230624455720186,0.0221286583363884
0.231093268223456,0.0223939914677977
0.231933364502853,0.0228051784131296
0.23229181379592,0.0229558783848525
0.232978758921497,0.0232042515665363
0.233224785819766,0.023280524415874
0.233642299970961,0.0233949979048163
0.234435800168314,0.0235620798246252
0.234981677011354,0.0236400253835889
0.23524405931111,0.0236671566926425
0.235975038536242,0.0237087368546476
0.236026854662108,0.0237098384733443
0.23678809960559,0.0236990965956778
0.237427299935371,0.0236528534776568
0.237655126441736,0.0236285865573969
0.238303035343182,0.023538365928804
0.238801915434422,0.0234485646012743
0.239450874418602,0.0233070497805521
0.239531996804057,0.0232874916818879
0.240393934134976,0.0230557129519688
0.240680727349129,0.0229693904353816
0.241146993579692,0.0228199432439169
0.241890133092646,0.0225600638593733
0.242360576020088,0.0223828884353807
0.242838177816011,0.0221938383331057
0.243002063744119,0.0221269630799306
0.243503513142699,0.0219163844794927
0.244380485674948,0.0215284118556518
0.244720788387582,0.0213718048594451
0.245217671531835,0.0211377172385596
0.245885761663201,0.0208138518920755
0.24634521174361,0.0205857589278047
0.246936057284591,0.0202868444538176
0.24711387915886,0.0201957770941839
0.247824353801552,0.0198274830577034
0.248065026828903,0.019701287909978
0.248761075444054,0.0193329213812348
0.24931917639426,0.0190345423198117
0.249900040818844,0.0187218276008743
0.250235098446952,0.0185406803559971
0.250977602880681,0.0181379075012629
0.251159591324278,0.0180390037351437
0.251903787340503,0.0176343074830925
0.252126939670765,0.0175129777537038
0.252853266156744,0.0171185806464287
0.253202173436061,0.0169295742113249
0.253800497556105,0.0166064507335051
0.254493870400125,0.0162340114948343
0.254870837882161,0.0160326224347926
0.255293306591688,0.0158079717735049
0.2557694027822,0.0155562595171403
0.256403116256231,0.0152238430238683
0.256823786308756,0.0150049731264978
0.257017697668518,0.0149045929446281
0.257677506294451,0.0145655680831815
0.258419805990881,0.014189093135851
0.258692187887384,0.0140523244150472
0.259010477474541,0.013893472693951
0.259627854834311,0.0135884078945843
0.260359743307345,0.0132321535150268
0.260884511325625,0.0129804317467865
0.261325389096513,0.0127714056372277
0.261617044858867,0.0126343782332761
0.262130148987053,0.012395756855895
0.26286066437664,0.0120614863533461
0.263414808994392,0.0118122533503779
0.26356588852976,0.0117449576679789
0.264319698572042,0.0114134023357373
0.264594112094259,0.0112944559212558
0.265392502527335,0.0109537307573149
0.265950778946746,0.0107202142497904
0.266436216654023,0.0105203370965334
0.266743890514714,0.0103951810431404
0.267362617903738,0.0101470777239072
0.26750447190844,0.0100908692520143
0.268059213544824,0.00987346373653963
0.268659423661302,0.00964254157180378
0.269446688677766,0.00934639221126332
0.269848828540649,0.00919804904222588
0.270346749474178,0.00901710116796295
0.270880660659983,0.00882640432135418
0.271389340780908,0.00864789985680403
0.271562738152919,0.00858775637738773
0.272208062656107,0.00836704671010224
0.272897680446273,0.00813658001811746
0.273475841349456,0.00794760142974837
0.27360185981344,0.00790691925748277
0.274180096816039,0.00772256060136201
0.274820482049952,0.00752277386072464
0.275132961312658,0.00742694111666253
0.275593580851681,0.00728763245295383
0.276401192906545,0.00704893562968323
0.276988479582593,0.00687973259339358
0.277383787121042,0.00676788304109266
0.277836209231406,0.00664186449288096
0.278240179143148,0.00653111780530935
0.278691166328732,0.00640943712460285
0.279075942626689,0.00630723301589242
0.279761772866827,0.00612869137862049
0.280321657789289,0.00598632948864974
0.280565778746037,0.00592519768562738
0.281461488166358,0.00570570904995193
0.281871115704067,0.00560781262946719
0.282391039772658,0.0054857568822797
0.282739228129736,0.00540537519533402
0.283155284921057,0.00531073488513556
0.283606211548788,0.00520987321873179
0.284217042189557,0.00507603771302456
0.28495550447586,0.00491844549267384
0.285184333078563,0.00487053082246902
0.285501286957064,0.00480487137000196
0.286261121020536,0.00465076549824417
0.286789341305266,0.00454632927306164
0.287151383853401,0.00447600157011152
0.287827676823596,0.00434731128886767
0.288216813080246,0.00427482073521546
0.288638089532149,0.00419760340945174
0.289352385451319,0.00406961943632922
0.289567613993422,0.00403177006219124
0.290458853984252,0.00387848510489874
0.290816308555659,0.00381853891467188
0.291337597718462,0.00373265714089044
0.291893509382382,0.00364305005811971
0.292201564334682,0.00359425968613181
0.292856023359695,0.00349261463385986
0.293440319227404,0.00340413255040062
0.293667595874285,0.00337028232905112
0.294160907044774,0.00329788488415517
0.294719034362235,0.00321772288135236
0.295353729344206,0.00312877181364613
0.295598221645574,0.00309512257150502
0.296221390830004,0.00301087655172694
0.296938039896078,0.00291663942509501
0.297031723048422,0.00290452586256862
0.297609430624871,0.00283085781723358
0.298337830548291,0.00274045963131542
0.298920114959707,0.00267014189815384
0.299161046128836,0.00264154258753635
0.299814192884252,0.00256544487747945
0.300215669684112,0.00251969086974668
0.300977316210745,0.00243497879444021
0.301154711447656,0.00241563443567472
0.301728459974634,0.00235404815400031
0.302241408125381,0.00230023392526846
0.30260671847302,0.00226261217904167
0.30337380560569,0.00218547751133613
0.303960217771819,0.00212817624711903
0.30408422679815,0.00211624001652311
0.30475477407279,0.00205277462595888
0.305199813752668,0.0020116399843495
0.305950223800377,0.00194402029205065
0.306347082969849,0.00190912388313791
0.306873814788647,0.00186371114689976
0.307076451327885,0.00184651104265043
0.307711997025413,0.00179352201380567
0.30801084843569,0.00176909922550905
0.308738040511496,0.00171096277026805
0.309296673911158,0.00166751896156825
0.309982476397068,0.00161559353659868
0.310117425051983,0.00160555529028628
0.310826851805206,0.00155373435933015
0.311063615040388,0.00153678992522188
0.311608453163877,0.00149844991980075
0.312419354462181,0.0014430355529278
0.312931810517563,0.00140900729860149
0.313351625328301,0.00138168931881211
0.313728822844569,0.00135756605378745
0.314383828882943,0.00131660526777111
0.314958273583092,0.00128163217561195
0.315219931302592,0.00126599030371466
0.31570762869413,0.00123730867530369
0.316495384939015,0.00119225345220286
0.316975860087667,0.00116552658069224
0.3171232936749,0.00115743772750676
0.317867064426187,0.00111742007359794
0.318431147879572,0.00108793083767367
0.318845557261026,0.00106672816262332
0.319010393316625,0.00105840160542314
0.319588447911781,0.00102967546936483
0.320396748933825,0.000990717534939733
0.320595712488634,0.000981339747301746
0.321276063822908,0.000949889987602148
0.321992248338647,0.000917793378864218
0.322323714672588,0.000903280533488982
0.322550034947111,0.000893493583422611
0.323441710363026,0.000855879926145775
0.32353817518719,0.000851899653518728
0.324081862497143,0.000829784143210333
0.324637043810799,0.000807748920930607
0.325384364791331,0.000778939489244124
0.325928227507044,0.000758572310584071
0.326096571302274,0.000752368164100403
0.326978344722535,0.000720627912834004
0.327140003045322,0.000714944387887329
0.327505036688061,0.000702262104081086
0.328136534120655,0.000680809841803409
0.328705521772034,0.000661998952150356
0.32949732677592,0.000636616078843133
0.329874880936346,0.000624830492863993
0.330438439043588,0.000607611098860872
0.330581571031129,0.00060330768379302
0.331428391548339,0.00057841435862116
0.331542689094087,0.000575127627808314
0.332279827004881,0.000554338806523447
0.332849271486048,0.000538753694694805
0.333283306523692,0.000527145584271693
0.333741776803043,0.000515133357268382
0.334166780779487,0.00050422261291061
0.334789913141867,0.000488608049479922
0.335227365514613,0.000477912408499037
0.335518421128392,0.000470915468707034
0.336196604004013,0.000454974688402388
0.336839475805289,0.00044032192785437
0.337406037348323,0.000427768318324695
0.337801769802347,0.000419195357771684
0.338431612043409,0.000405874995941247
0.338838904427597,0.000397469071298673
0.339490103469579,0.000384360343936407
0.339542885879986,0.000383315395851014
0.340172538642772,0.000371049362989595
0.34063418860035,0.000362286147701951
0.34144714519952,0.00034731482677941
0.341634118908318,0.000343952930435876
0.342355959968874,0.000331252521711178
0.34252641230158,0.000328317141949697
0.34345016489469,0.000312821281895026
0.343739836986177,0.000308102618088668
0.34423861118604,0.000300131230162037
0.344959181579994,0.000288950765977347
0.34517899155675,0.000285617535627836
0.345887942562462,0.000275107652360163
0.346008298808825,0.000273359379708182
0.346943129041931,0.00026012675171927
0.347248079943354,0.000255940416330702
0.347940018659574,0.000246672791533342
0.348293663008604,0.000242057778972793
0.348759545829496,0.000236100946015227
0.349462760158698,0.000227368471858114
0.349695951591013,0.000224540117468308
0.350326347688329,0.000217058431211115
0.350856880878098,0.000210944179684702
0.351435913303052,0.000204456406660114
0.351831915359246,0.000200128451556481
0.352234545533196,0.000195817095899997
0.352752845069976,0.000190396849212959
0.353130528947106,0.000186537372155016
0.353691781339003,0.000180939665504809
0.354406890228856,0.00017404020611167
0.354538423432503,0.000172798982777778
0.355096321115503,0.00016762851119978
0.355938318218337,0.000160107352737526
0.356209791226313,0.000157753070315181
0.356834440885461,0.000152463530618263
0.35719177734945,0.00014951613379921
0.357526288575726,0.00014680781536569
0.35845523465646,0.000139538420665275
0.35867286807613,0.000137887709684037
0.359139583238517,0.000134413214297524
0.359892261404777,0.000128994029623186
0.360098656367976,0.000127546913304855
0.360749519727309,0.000123090539176474
0.361060548468376,0.000121017407703761
0.361867034522234,0.000115807509654786
0.362411603999324,0.000112421551047959
0.36260351998033,0.000111253056843452
0.363074488382321,0.000108439292013429
0.363732618305599,0.000104632830154827
0.364325297057629,0.00010132695594578
0.364515915174037,0.000100287774351671
0.365278449534671,9.62451644141993e-05
0.365615371657419,9.45161835375075e-05
0.366365208839066,9.07907277607478e-05
0.366672220392735,8.93131534560609e-05
0.367188012696337,8.68918018852582e-05
0.367632145788753,8.4867021726609e-05
0.368171835853718,8.24798922671732e-05
0.368927892306121,7.92675303102897e-05
0.369293566747219,7.7767678998697e-05
0.369581920786411,7.66092087616244e-05
0.370037189475261,7.48229701343917e-05
0.370634794563404,7.25563021006792e-05
0.37128373087314,7.0192786889578e-05
0.371678640116123,6.88031581965731e-05
0.372376577557647,6.64350590149354e-05
0.37251422830415,6.59810245302594e-05
0.373150596664287,6.3936566142786e-05
0.373702867508051,6.22336679079183e-05
0.374165318953572,6.08575800953304e-05
0.374621476907982,5.95438410542215e-05
0.375017993025947,5.8436438912679e-05
0.375559578822926,5.69748574186235e-05
0.376418375035631,5.47750438286698e-05
0.376659529446973,5.41827626854285e-05
0.377239735168638,5.28024975423591e-05
0.377889285107842,5.13309008844942e-05
0.378247577602859,5.05518222979617e-05
0.378569029208738,4.98723066044704e-05
0.379498212917242,4.80097285908698e-05
0.379611193507677,4.77934009630587e-05
0.380107673531631,4.68684336460967e-05
0.380640940709505,4.59209770653501e-05
0.381390967084561,4.46677946683849e-05
0.381601695773075,4.43321834175947e-05
0.382287460459163,4.32894300601561e-05
0.382624888388556,4.28038511479656e-05
0.383370471220347,4.17945159654209e-05
0.383625680911471,4.14689947838554e-05
0.38408818693622,4.09048411427193e-05
0.384979060104117,3.99112559179571e-05
0.38523559277365,3.96477742441448e-05
0.385776244166307,3.91255274898583e-05
0.386175959552056,3.87682320486249e-05
0.386792714892421,3.82650445942545e-05
0.387433768169954,3.78041368840343e-05
0.387749443535111,3.7600557195816e-05
0.38814843712945,3.73654663938794e-05
0.388656221757643,3.71024184246949e-05
0.389423471107497,3.67826961742423e-05
0.389939264212502,3.66211833799923e-05
0.390072532062652,3.6586536362293e-05
0.390607467327733,3.64771373284611e-05
0.391481125481077,3.64026814114737e-05
0.391897251025424,3.64138584210139e-05
0.392054737902246,3.64261154430778e-05
0.392727580257575,3.65291695452186e-05
0.393475910003879,3.67430332151031e-05
0.393902305826312,3.69132895752244e-05
0.394112323130015,3.70104194669096e-05
0.394811264959862,3.73985130952548e-05
0.395073243473424,3.75703152197815e-05
0.395654291652841,3.80043304737399e-05
0.396266229425441,3.85429163820561e-05
0.396905171167222,3.91981439484823e-05
0.397141924467753,3.94658131277481e-05
0.397558433806407,3.9970276448642e-05
0.398495928225457,4.12675317615907e-05
0.398725209035445,4.16199621824376e-05
0.399186216722941,4.23716529027729e-05
0.399635562072974,4.31607154034452e-05
0.400262682394008,4.4357029791442e-05
0.400536280943081,4.49141981171408e-05
0.40133497537137,4.66647602781478e-05
0.401971260775812,4.81921704409416e-05
0.402222737813019,4.88281600414808e-05
0.40266443809052,4.99889699732137e-05
0.403088011934655,5.11535254030804e-05
0.40377032749902,5.31310972142762e-05
0.404411153459572,5.50950172115705e-05
0.404723782467656,5.60872712895844e-05
0.405128607127466,5.74020143400134e-05
0.405610411406611,5.90053752471675e-05
0.406256127627799,6.12064010514501e-05
0.406757330483757,6.294273052454e-05
0.407496554046869,6.55196917609402e-05
0.407972700111917,6.71713930415763e-05
0.408083224790287,6.75521891491115e-05
0.408836316311033,7.01028879355192e-05
0.409320575610735,7.16858898268669e-05
0.409822087421897,7.32608879108199e-05
0.410164779464714,7.42923330587786e-05
0.410816941769794,7.61396133981407e-05
0.411164791812887,7.70573941970554e-05
0.411522281898069,7.79492073972321e-05
0.412302182380459,7.9714625813132e-05
0.412866355156992,8.08505857543551e-05
0.413231702970224,8.15355714776089e-05
0.413583495707484,8.21690263554942e-05
0.414063662877074,8.30161444360655e-05
0.414946427783812,8.46660030635604e-05
0.415461664712406,8.58157759138223e-05
0.415604842326371,8.61781346310764e-05
0.41626044652157,8.81907103824631e-05
0.416825258098543,9.05907929888983e-05
0.417429319070186,9.41995563215059e-05
0.417846079335315,9.75732230408255e-05
0.418475944963167,0.000104614493824151
0.418941761565977,0.000111891693011401
0.419035390716861,0.000113625999556
0.419522913063178,0.000124499356258134
0.42038426950993,0.000154263042850822
0.420701538954745,0.000170163427418935
0.421007434748579,0.000189008164887206
0.421768474679324,0.000256825595850607
0.422465916490997,0.000359171210766007
0.422616733256844,0.000388591502834323
0.423482761760708,0.000632811829720303
0.423830296796747,0.00078057444059576
0.424269392197952,0.00102681450946207
0.424617864033557,0.00128410599470508
0.425197516973945,0.00187979190710141
0.425593989935587,0.00245102795448471
0.426347831689403,0.00407687718733607
0.426630058391136,0.00493054963623329
0.42729330564558,0.00766707511391074
0.427573948931182,0.00920985603298252
0.428413348816801,0.0156603916344058
0.428926221726928,0.0213275256052654
0.429277050335542,0.0261455235852317
0.429715387726319,0.0334165282370997
0.430196503287414,0.0432247470570526
0.430871292548371,0.0607084177117043
0.431309477903531,0.0746967472325093
0.43178914878075,0.0926415895125632
0.432289725819835,0.114520864687986
0.432664119407767,0.133105614212708
0.433171496469062,0.161446926860739
0.433919770068023,0.210047957297039
0.43431216193561,0.238799218253026
0.434810193676734,0.278484354269628
0.435408172366791,0.330708950477475
0.435816072553745,0.369061676085718
0.436209245205275,0.407998684921999
0.436793291353271,0.469134576292634
0.437060866332613,0.498350068566739
0.437732781555504,0.574649458563891
0.438255127001787,0.636452392741461
0.438593989558634,0.677499923897008
0.439384527353803,0.775474012666814
0.439803143751924,0.82823737033174
0.440437764771748,0.907717038017068
0.440606706716702,0.926563012533468
0.441244621461723,0.998590715770846
0.441934878657339,1.077467831698
0.442475067216204,1.13940922120717
0.44273079042742,1.16869975579294
0.443400659196079,1.24507585150482
0.443595243755844,1.26711969710544
0.444426856822916,1.36029146592025
0.444924662067206,1.41506472543934
0.445285512891714,1.45421123236759
0.445695355317323,1.49804371297813
0.446281175834942,1.55942992463292
0.446953450778849,1.62787296601481
0.447373514333973,1.66947452566518
0.447728312542546,1.70388016683591
0.448297009921633,1.75757650345157
0.448731564492569,1.79736354806962
0.449423475514865,1.85841701742191
0.449612360414583,1.87458320705028
0.45021616693947,1.92479061299521
0.450850542960456,1.97508417770094
0.451311782850768,2.01004223535576
0.451905359426397,2.05300342045817
0.45224888445437,2.07681124618833
0.452942709593335,2.1225033857736
0.453177233215887,2.13721647480841
0.453609762745909,2.1633715447983
0.454286169691011,2.20169886610315
0.454931047171471,2.23527535647269
0.455187587416265,2.24781860819812
0.455842850500601,2.27773075879886
0.456127040471183,2.28974579005287
0.456871226958232,2.31843165290503
0.457071528591798,2.32546069156073
0.457620104611269,2.3431949773191
0.458011647918262,2.35448464040117
0.458591705861501,2.369096796124
0.459369504747214,2.38469210352432
0.459529487226158,2.387327339103
0.46028750058508,2.39713533508582
0.46076724154735,2.40104216405723
0.461187311631744,2.40298745925531
0.461567679129075,2.40355365028555
0.462000683975755,2.40280836826269
0.462681159423431,2.39862913021476
0.463358180166571,2.39079754164898
0.463941020584432,2.38109983188013
0.464154532724526,2.37685946739605
0.464643855727394,2.36574455781745
0.465048710795585,2.35507290980153
0.465894430184504,2.32844835154705
0.466096813521581,2.32120476196791
0.466839427964296,2.29172687394774
0.467117552870302,2.27885774646196
0.467570482933661,2.25651753547161
0.468175052018836,2.22416145284676
0.468678018240491,2.195105505288
0.469370825595688,2.15203345979892
0.469781820790144,2.12487776503872
0.470421404551482,2.08035160322692
0.47070120531891,2.06003726011442
0.471196922288393,2.02285108194374
0.471907119825832,1.96703745828309
0.472361855531344,1.9298184681529
0.472773687257548,1.89517001351619
0.47326846307877,1.85242345375533
0.473813635005616,1.80399353810838
0.47418368534313,1.77037677491613
0.47471869458002,1.72078646595826
0.475167668281007,1.67833412874766
0.475500695936731,1.64638926713175
0.476164068583632,1.58170611744245
0.47697961851093,1.5005130799558
0.477101844805409,1.48820674534717
0.477629994716728,1.43467483719093
0.478093419026933,1.38728809287241
0.478541278745513,1.34119364469615
0.479406437932979,1.25156016405201
0.479801700481912,1.21045500006375
0.480218292799313,1.16709716801359
0.480575727912248,1.12990883455299
0.481207079363987,1.06436204506097
0.481653059924487,1.01825764600035
0.482410734143807,0.940525031268436
0.482941116675036,0.886713716669006
0.483114540122799,0.869250257415134
0.483715331051848,0.809335752292057
0.484304865682265,0.751556034453893
0.484884228201583,0.695914957408993
0.485076012577396,0.677773364691923
0.485959314186475,0.596214220114012
0.486446327986196,0.552791366855732
0.486780872597126,0.523662888942496
0.487413172922097,0.470284454506936
0.487721413199324,0.445105687453291
0.488176817575353,0.408978219643176
0.488546267234487,0.380651658476066
0.489179719022592,0.334239055093954
0.489940896140062,0.282272863915601
0.490445264923736,0.250245074242744
0.490810170920566,0.228312597379856
0.491245320446091,0.20355044708149
0.491825395344873,0.172941872046804
0.492344917461392,0.147891398913481
0.492898612949415,0.123669319827144
0.493239717552089,0.110017809404756
0.493617887079483,0.0960068244164951
0.494119313897332,0.0792267109960925
0.494760496164789,0.0606767882515715
0.495349366756389,0.0463904755089199
0.495693202379625,0.0392025439564883
0.496096289931447,0.0317978431831207
0.496693866060348,0.0227091688716889
0.497006311484729,0.0187833311890238
0.497939108052291,0.00998696944743394
0.49808817622473,0.00893740655947184
0.498922546313144,0.00452096811628167
0.499068207702134,0.00396801898654253
0.499743699111161,0.00205825594201059
0.500064692897373,0.0014581010109147
0.500739084725268,0.000652390250142076
0.501274462234695,0.0003152077917985
0.501998416110524,0.000101425825437929
0.502455132550327,4.46648985068521e-05
0.502560203363886,3.6508012581038e-05
0.503065312874387,1.28437821924621e-05
0.503838366343174,1.96812568198368e-06
0.504132859284757,8.69242528622749e-07
0.504788206070196,1.11020291626573e-07
0.50534158771846,1.4546538196214e-08
0.505609165453236,4.88116391750282e-09
0.506020488861366,7.82847564551048e-10
0.506625294667669,3.71453978686986e-11
0.507122291444917,2.18314255562291e-12
0.507922505280934,1.24344978758018e-14
0.508439051533002,0
0.508986436153413,0
0.509238121651928,0
0.509559086877503,0
0.510494949026848,0
0.510860199370538,0
0.51108369631099,0
0.511779246628634,0
0.512350810733857,0
0.512512460861355,0
0.51318728622247,0
0.513714774455293,0
0.514081175792497,0
0.514958949466585,1.06581410364015e-14
0.515133644164074,2.48689957516035e-14
0.515705516982358,4.36983782492462e-13
0.516382989721606,9.2192919964873e-12
0.516537298693438,1.74047443124437e-11
0.517455581492395,5.03060704204472e-10
0.517887829508749,1.9589485589222e-09
0.518034706089413,3.01966451843327e-09
0.518755225919653,2.07950705544135e-08
0.5192046662129,5.98948126651067e-08
0.519675731192227,1.63528323327e-07
0.520369398641749,6.05878735626675e-07
0.520639285206795,9.61113642006239e-07
0.521488308643107,3.52899679612051e-06
0.52190574508952,6.21298494607458e-06
0.522113696108572,8.10388809924234e-06
0.522824393932708,1.86882827684087e-05
0.523241806238424,2.91233198517205e-05
0.523761614883901,4.84781005418711e-05
0.524210031557013,7.26925735925477e-05
0.524642540093628,0.000104554532462942
0.525175609824015,0.000158279830248631
0.525719816941768,0.000233576563925197
0.526446146692615,0.000374371178349264
0.52659499949601,0.000409855016140881
0.527383825501893,0.000641902775335268
0.527661779562361,0.000743151794257102
0.528099274497596,0.000925416630451537
0.5286697760151,0.00120859874327195
0.529281283741118,0.00157428510143021
0.529536434231442,0.0017470701144795
0.530464218015084,0.00248155876433032
0.530735621446045,0.00272900056405945
0.531270147045259,0.00326062784776937
0.531858440280776,0.00391426268721773
0.532221693513799,0.00435371209540492
0.532985948202433,0.0053663217044253
0.53347115133272,0.00606944909125318
0.533811361562111,0.00658928264875058
0.534016534599708,0.00691311823354113
0.534846803813009,0.00829868281519452
0.535182705630898,0.00889124202366887
0.535577494921396,0.00960918039072922
0.536023448560853,0.0104458689670217
0.536527125737863,0.0114201816318236
0.537054142754758,0.0124683701697812
0.537564452415798,0.013506460498359
0.538457603661576,0.0153631622110773
0.53881216465286,0.0161093916808639
0.539289120030939,0.0171171106007471
0.539730146183982,0.0180496611025873
0.5403706541094,0.019398640288312
0.540855690093711,0.0204108231613063
0.541292884710478,0.0213126274920121
0.541755086311372,0.0222519813387265
0.542430361930863,0.0235921848032383
0.542523777322378,0.023774142255153
0.543390857298858,0.0254170144869228
0.543779248930747,0.0261232449060138
0.544444840629702,0.0272858831429268
0.544944719455088,0.0281166331234246
0.545314532585326,0.0287064515589783
0.545959988024901,0.0296831686154349
0.546391274892492,0.0302972021979464
0.546880017451942,0.0309546596215249
0.547041925232275,0.0311633461750844
0.547919165929197,0.0322142599211723
0.54835971828457,0.0326909707193366
0.548979576858808,0.0333040042645933
0.549091667972622,0.0334077007924201
0.549776702475268,0.0339943344264348
0.550130259953672,0.0342658456924418
0.550719496711972,0.0346721362475932
0.551461205469212,0.0351038896607818
0.5518783374544,0.0353091077446024
0.552383388755959,0.0355227960763749
0.552523178610718,0.0355753992661541
0.553209576357622,0.0357941047905328
0.553924908876885,0.0359553825093109
0.554170778069412,0.0359959727353854
0.554616326538613,0.0360511612520931
0.555468640861567,0.0360946844322001
0.555528754467261,0.0360948475131693
0.556347281756927,0.0360617759854378
0.556906937366351,0.0360037846945183
0.557469934971188,0.0359191291951895
0.55794114836806,0.0358296211157949
0.558484196354402,0.0357071540780929
0.558720894869999,0.0356477569551181
0.559296340417699,0.0354893183455047
0.559934774664114,0.0352922981798756
0.56010187592404,0.0352373658882215
0.560942968777032,0.034941966441135
0.561298128058203,0.0348086629577971
0.561934473327361,0.0345587945780217
0.562282113347552,0.0344169410023163
0.562665538232191,0.0342566009014078
0.563121419975534,0.0340612141201539
0.563835594776901,0.0337462470240908
0.564288300605724,0.0335418963601271
0.564578266465222,0.0334094035948276
0.565291876372416,0.0330789633684638
0.565959559975308,0.0327654576655974
0.566140500345384,0.032679965161126
0.56690529443894,0.0323169253543583
0.567207762852893,0.0321728600241045
0.567902820219635,0.031841495622885
0.568224068028154,0.0316884330824365
0.568501017219853,0.0315566322287388
0.569102242306923,0.0312712969183586
0.569675179797225,0.0310008101068604
0.570359355266788,0.0306802428446673
0.570872610323597,0.0304418710253849
0.571224712442723,0.0302795343308802
0.571512536417227,0.0301476112700954
0.572099235614995,0.0298810246434513
0.572940287954989,0.0295047606060557
0.57315254973527,0.0294109703962597
0.573976152070798,0.0290517858379005
0.574264270824264,0.0289279716864748
0.574796988488874,0.0287016463039258
0.575326631557196,0.0284800555835716
0.575510322312009,0.0284040173550721
0.576407247808878,0.0280388799320157
0.576809935818543,0.0278783125280349
0.5771344002228,0.0277504738845558
0.577584516852745,0.0275754178382499
0.578033412909485,0.0274035023730939
0.578530158473062,0.0272163803899943
0.579361494605662,0.0269105765519662
0.579510260645184,0.0268568264033036
0.580388995812507,0.0265453540352532
0.580923834171728,0.0263608069830426
0.581063315480249,0.0263133021692568
0.581701491406653,0.0260992274724927
0.582377934801159,0.0258781547215285
0.582638354910538,0.0257946361385173
0.583470345104113,0.0255336850470655
0.583564504007343,0.0255047123279901
0.584332125214394,0.0252727196664004
0.584519007068127,0.0252173658919901
0.585458266169997,0.0249457533717177
0.585681947265752,0.0248826756545029
0.58631439138751,0.0247076253987402
0.586863657113281,0.0245595081274637
0.587279657401145,0.0244497163054547
0.587744967823848,0.0243293211877642
0.58848298297124,0.024143516052213
0.58889800916845,0.0240417644787847
0.589246405048994,0.0239578498863118
0.58987586568878,0.0238096698507739
0.590259800574393,0.0237214315641303
0.590952253571013,0.0235663304900235
0.591309872762184,0.0234882386481523
0.591652723727748,0.0234146412347798
0.592278610998066,0.0232834530628203
0.592716674593394,0.023194036516955
0.593176760485861,0.0231022259845695
0.5938002261488,0.0229812006553267
0.594304665215313,0.0228860928129073
0.594743237679475,0.0228054192063745
0.595283658848843,0.0227085553904587
0.595546026483877,0.0226625310654249
0.596411009385833,0.0225153670819651
0.596839556736988,0.0224450194717889
0.597161353726638,0.0223932964447151
0.59786422441632,0.0222835669867401
0.598101712735952,0.0222474866640283
0.598775486800238,0.0221478244894655
0.599328584517934,0.0220689621593202
0.599852443244075,0.0219966876316455
0.600221672678832,0.0219471447147122
0.600858600908774,0.0218643680715154
0.601088654044084,0.0218352981799157
0.601603951374418,0.0217717636390589
0.602434593528742,0.0216738947835609
0.602584284552373,0.0216568484589921
0.603056361476774,0.0216042601763995
0.603838446579524,0.0215210136851383
0.604341695302865,0.0214699755886976
0.604948516434524,0.0214110375103864
0.605129438283155,0.0213940122540528
0.605773710951908,0.0213354089468432
0.606493086155388,0.0212736803416682
0.606571627190802,0.0212671759180445
0.607082882583723,0.021225960129069
0.607679359524045,0.0211803243080126
0.608483254798688,0.0211229604549814
0.608750048745307,0.021104966737596
0.60943670442549,0.0210610333965739
0.609754561479902,0.0210418510611525
0.610498495726846,0.0209997967757509
0.610526245535933,0.0209983048835305
0.611368399145431,0.02095564515378
0.611830160158453,0.0209343982320576
0.612338645039243,0.0209127516550112
0.612677997106337,0.0208993236023183
0.613338156714337,0.0208755318227851
0.613971048716921,0.020855607774827
0.614405264598317,0.0208435693086528
0.614904394094716,0.0208313696017868
0.615397808769252,0.0208210313515629
0.615987324048881,0.0208109240372636
0.616305639234255,0.0208064828396708
0.616743553400505,0.0208015385225906
0.617006525041768,0.0207992186028534
0.617529713255819,0.0207960534715816
0.618189999286667,0.0207948193053333
0.61883590138494,0.0207966003424076
0.619116010254715,0.0207982940507989
0.619913920254796,0.0208061849443126
0.62047206735122,0.020814413303146
0.620997739219922,0.0208242119874207
0.621149864965701,0.0208274198416945
0.621548799210228,0.0208366283032113
0.622381932635326,0.0208595942482823
0.622758463001461,0.0208716405082683
0.623495750894071,0.0208982565821216
0.623993327384698,0.0209185001134244
0.624469805332948,0.0209396213429258
0.624660546447034,0.0209485551218407
0.625156048252597,0.0209730491222473
0.62550531909056,0.0209914363154695
0.626424020224949,0.0210442709960859
0.626637676195241,0.0210574943531405
0.627244871549658,0.0210970216679556
0.627770371601451,0.0211335752744333
0.628439210108714,0.0211832811381036
0.628824307517032,0.0212135333526291
0.629360982847051,0.0212577047320437
0.629950486625894,0.0213089520418386
0.630303827491822,0.0213410522773465
0.630849135021679,0.0213926491475966
0.631357542069629,0.0214430269317241
0.631527941819513,0.0214604070113005
0.632201491003856,0.0215315661108839
0.632913809933933,0.0216111468248386
0.633064515001024,0.0216285608205382
0.6335940866858,0.0216913703003918
0.634356370121124,0.0217862568074736
0.634767301237793,0.0218396326613508
0.635319931160775,0.0219139091424765
0.635851547324215,0.0219880997835524
0.636395089736208,0.0220667740003506
0.636578664520755,0.0220939969469711
0.637455786920735,0.0222286822977225
0.63794570660824,0.0223072840599556
0.63828323119937,0.0223628666295568
0.638735506671597,0.0224392002015783
0.63922650553612,0.022524505703835
0.639919524710742,0.0226493016780509
0.640193177112029,0.0227000179760104
0.640837283046218,0.0228226614386813
0.641313988070353,0.0229164324395228
0.641820600038045,0.0230189370128038
0.642360101393075,0.02313138237378
0.64282515053649,0.0232310780864253
0.643446331349085,0.0233683196937875
0.643646888623014,0.0234136407320698
0.644118170776055,0.0235221108633183
0.644608847984695,0.0236380263655356
0.645323740481865,0.0238124666825072
0.645880549108028,0.0239530001112804
0.646238015184295,0.0240454200222437
0.646652942011599,0.0241548889065939
0.647422019159072,0.0243641484906654
0.647939016121672,0.0245095647334992
0.648492742135888,0.0246696476580723
0.648528933839407,0.0246802691878827
0.649408575703041,0.0249445254514242
0.64958007798891,0.0249974322889237
0.650059596449602,0.0251478089295603
0.650651310801972,0.0253384309464799
0.651492176139727,0.0256191972151854
0.651606061315164,0.0256581351779204
0.652180303299683,0.025857857603409
0.652772072966793,0.0260696995096517
0.653461637419066,0.0263244750628004
0.65397920534364,0.0265214573090127
0.654302877533017,0.0266472102872584
0.654592615776346,0.0267614828272222
0.655402444925276,0.0270896008400996
0.655796230947715,0.0272539007340526
0.656245844266028,0.0274453917736608
0.656664192810189,0.0276273739782091
0.657460424682475,0.0279841439283786
0.657735351103009,0.0281105759773013
0.65820894194569,0.0283323725427032
0.658807443375699,0.0286200741911209
0.65913167086069,0.0287794634657246
0.659671412357711,0.0290504372718239
0.660399791365489,0.0294275814112339
0.660658516713185,0.0295647972455733
0.661076919620507,0.0297903913917921
0.661792470272165,0.0301870292999489
0.662069541341974,0.0303443719737935
0.662640031577088,0.0306751286061129
0.663067519638571,0.0309290977743135
0.663894916138612,0.0314360297484644
0.664055005925009,0.0315365141015178
0.664544372700504,0.0318486292211446
0.665125596612925,0.0322292392901744
0.665885082487483,0.0327433363490872
0.666432891399949,0.0331263385732115
0.666838716757367,0.0334168670486346
0.667188978903112,0.0336723793073386
0.667907822492649,0.0342109633368359
0.668152236883994,0.0343985430437357
0.668584101803601,0.0347356563466725
0.669344048426021,0.035346937287331
0.669966063668835,0.0358650118107295
0.670283950941055,0.0361361466580803
0.670562220350723,0.0363771083638529
0.671171312882565,0.0369166019946068
0.671555775517249,0.0372658689181744
0.67232763106667,0.037988182253212
0.672740316300886,0.0383863024122633
0.673197334408877,0.038837200043071
0.673700321460608,0.0393459421580946
0.674357662041904,0.040031173005044
0.67498034247465,0.040702322628194
0.675452672040788,0.0412262324662311
0.675636960796663,0.0414342016654121
0.676059162215213,0.0419183420178157
0.676519548841286,0.0424587329192025
0.677390746186138,0.0435181884621656
0.677977035216987,0.044259398105245
0.678205720915925,0.044554881861778
0.678620680624736,0.0451004096412504
0.679399549616617,0.0461579002489074
0.679781152695534,0.0466925130531433
0.68023165181803,0.0473380820419855
0.680636796397623,0.0479323499856967
0.681159052510513,0.0487180775770923
0.68185640488565,0.0498029687574952
0.682266123841517,0.0504600871454137
0.682620430296869,0.0510404528666228
0.683003173641278,0.0516803306039151
0.683762461047736,0.0529907160630589
0.684214816887164,0.0537981707671058
0.684935403319774,0.0551273741575713
0.685386523515452,0.0559872887122701
0.685839055002318,0.0568721014482634
0.686025259364978,0.0572427812657086
0.686761329109198,0.0587468426216056
0.687406321514398,0.0601172876284544
0.687703154357732,0.0607650163511853
0.688170148967882,0.0618064112636727
0.688674710321124,0.0629630736630364
0.689112430235953,0.063993746190306
0.689555985851097,0.0650646753374815
0.690195128992782,0.0666561603351195
0.69061794697342,0.0677412488268612
0.691437547074514,0.0699203610733541
0.691754703614512,0.0707911900626286
0.692305568388081,0.0723414205246229
0.69254876351438,0.0730413354500499
0.6933070553781,0.0752863542149624
0.693848464199924,0.076948800585102
0.694244524056558,0.078197201870271
0.694999087054632,0.0806529925189352
0.695007245921879,0.0806801100305723
0.695832272150903,0.0834858567833692
0.696259736463195,0.0849899151521329
0.696965963295544,0.0875518035698741
0.697450171693228,0.0893646381265318
0.697542501502554,0.0897155750177827
0.698253411176731,0.0924746648546018
0.698907169748098,0.0951017385901389
0.699372354971594,0.0970238114213329
0.699844772912678,0.0990207723701895
0.700423165464425,0.101527327094345
0.700872683070018,0.103521938372252
0.701187228620867,0.10494162735268
0.701942175430595,0.108428219999053
0.702483944446198,0.110997382007701
0.70256673572585,0.111394788982072
0.703389756822609,0.115411741433181
0.70367718230735,0.116841819299585
0.704177854692447,0.119364232062074
0.704948517615208,0.123317740683907
0.705403950648964,0.125689347332068
0.705520842686412,0.126301714578013
0.706439493330661,0.131156171683342
0.706803320834297,0.133093946908942
0.707055193421082,0.134438322733585
0.70773285023577,0.138058573499852
0.708123545993119,0.140141644640052
0.708859716373612,0.144039378937693
0.70921568863315,0.145903154828511
0.70954136529658,0.14759150314446
0.710253979212255,0.151212404499357
0.710702907307074,0.153427750963738
0.711185557698831,0.155738517028176
0.711764963179594,0.158396047095786
0.712424677649746,0.161236219950146
0.712502816425404,0.161557778202607
0.713082183563267,0.163831992251899
0.713828309392906,0.166441106748239
0.714178207276389,0.16752463500722
0.714864995475858,0.169359315357025
0.715425590099185,0.170541774441406
0.715937824923894,0.17135054146369
0.716479819612927,0.171901610197558
0.716929193140822,0.172105575582241
0.717101824063808,0.172120241577232
0.717685008124565,0.171897538973184
0.718450801880332,0.17093821673661
0.71878496807022,0.170272308381211
0.719092044354416,0.169524150146306
0.719930845314055,0.166801022408877
0.720355231726891,0.165038396549682
0.720550254826318,0.164140993688123
0.721009561512386,0.161809986238708
0.721647314694477,0.158070105873193
0.722373594770557,0.153112733456655
0.722917632833589,0.148929781193322
0.723495754053234,0.144067501774413
0.723963126614457,0.139842278663471
0.724324692824972,0.136406054397348
0.724750751577085,0.13218452983873
0.725318944376428,0.126296159158803
0.725773362601292,0.121405606639352
0.726283958866377,0.115757878636953
0.726759686655016,0.11039003354567
0.727154347591102,0.105889718704546
0.727902026665281,0.0973431725675131
0.728286585500231,0.0929868040651529
0.728890650140238,0.0862813178605972
0.729256446930347,0.0823432159076121
0.729878839351004,0.0759412598477993
0.730467380823451,0.0703351524658078
0.730965443616267,0.0660151435148981
0.731227466732846,0.063922844814631
0.73175225648901,0.0601529219657193
0.732259841757244,0.0570971663008377
0.732980107972748,0.0538769123847218
0.733205687801354,0.0531588241538319
0.733712640267215,0.052082655650397
0.73405464786361,0.0517933529499086
0.734982407903997,0.0528882928665824
0.735081585110864,0.0531758874842938
0.735840872862842,0.0565505072072139
0.736344809754402,0.0600014669473803
0.736753978919587,0.0635566401936623
0.737284304499859,0.069201455529746
0.73793164555938,0.0776977197497621
0.738440430563758,0.0855995952194304
0.738643820491736,0.0890515571804584
0.739240770049742,0.10010768577331
0.739637151655159,0.108170276186488
0.740142672804883,0.119217989533078
0.74084858406696,0.135918271993684
0.741232178154518,0.145530725562926
0.741822917676647,0.160945787518994
0.742273167325184,0.17310327941242
0.74256115838117,0.181027149133513
0.743174794726423,0.198197983631368
0.743684481036034,0.212656129442035
0.744292283873307,0.229990690513406
0.744549230507459,0.23731525661685
0.74523820516339,0.256839970215073
0.745987767552841,0.277718081414402
0.746335942884441,0.287228123813154
0.74677634808817,0.299044930320095
0.747272414101521,0.312029117924614
0.747640959776356,0.321425081309114
0.748130671738996,0.333546626690875
0.748771313045174,0.348721624020889
0.749355098200263,0.361820901044353
0.749566506038187,0.366383623231028
0.750158996391925,0.37863610366926
0.750740294746822,0.389863896271267
0.751278886139858,0.399541303142751
0.751906126870774,0.409909195310858
0.752362896867213,0.416838036982604
0.752632383420598,0.420678072565408
0.75349953447713,0.431779876320665
0.753646816675435,0.433475173984298
0.754110819337424,0.438455949273568
0.754746068538632,0.444393911557687
0.755439989602659,0.449732659005913
0.755721414352418,0.451562035074404
0.756028799132793,0.453342426032483
0.756819012578344,0.456898312382954
0.75742183779215,0.458652575615029
0.757740352819557,0.459256347819813
0.75821578500222,0.459755502915665
0.758974098109873,0.459595253452355
0.759365868170746,0.459073188243846
0.759924247312592,0.45783951974323
0.760349564648466,0.456531944114986
0.760752524480107,0.455014571528266
0.761333388592815,0.452376836634977
0.761931617492344,0.449141257214618
0.762076807111618,0.448281323199284
0.762584459907026,0.445059099059062
0.763270692806691,0.440206827656008
0.76376622846676,0.436380207118724
0.764265274018515,0.432279505202119
0.764745122524211,0.428124292591086
0.765323629560182,0.422866749988006
0.765892578846309,0.417462382802852
0.766273733385373,0.413727613669587
0.766597532514599,0.410490596197555
0.767456301237573,0.401659841229261
0.767904488077969,0.396932336346731
0.768367473288788,0.391980044445544
0.768626289002248,0.389185850382971
0.769495079800021,0.379701941973111
0.769906569712562,0.375168862248647
0.770399939545896,0.369712434852447
0.770742240398773,0.365918699823381
0.77138132665481,0.358831484278562
0.771814725563745,0.354030968703697
0.772070719746291,0.351200547541564
0.772771765409154,0.343479239453627
0.77307824626693,0.340121462540655
0.773671022870229,0.333665846250707
0.774449617892969,0.325279183321813
0.774690267890575,0.322711236471366
0.77533602787077,0.31588315027685
0.775945474330569,0.309529334539883
0.776091841390124,0.308017218900962
0.776779810494743,0.300985246265321
0.777216667419765,0.296586902560352
0.777629277640255,0.29248218432847
0.778499283492565,0.283989913925695
0.778839658331359,0.280728970695677
0.779265461094677,0.276699212390701
0.779696838464588,0.272673514622268
0.780297164422111,0.267167204789035
0.780727165974095,0.263292279952276
0.781109233362949,0.25989789474526
0.781803159319563,0.253849910097353
0.782117255812045,0.251161942124766
0.782880944050499,0.244754819857488
0.783423926070216,0.240309330051086
0.78392366487754,0.236297934026204
0.784143347089994,0.234558646507397
0.784566185277887,0.231252023002694
0.785386895665782,0.224986742655323
0.785951939638238,0.220788636835379
0.786173117595259,0.219170614574697
0.786512504681363,0.216715174966359
0.78726748479018,0.211370092770808
0.787580743446131,0.20919903004804
0.788436166834203,0.203407082186208
0.7889451638764,0.200053787254262
0.789109503892367,0.198985659464157
0.789510526561062,0.196408626917171
0.790338941296097,0.191214887772526
0.790659949948313,0.189248390278173
0.791488538529957,0.184288230454143
0.791552004503901,0.183915071801689
0.792438319555717,0.178801949810193
0.792898691321956,0.17621689238343
0.793066670782515,0.175285454653013
0.793611934603541,0.172304699238474
0.794348572810995,0.168379250713226
0.794693390399683,0.166580867281757
0.795427400764893,0.162833437124416
0.795723829984316,0.161350547094504
0.796024947413825,0.159861806579771
0.796844407438766,0.155898224507224
0.797358551696991,0.153475352116194
0.797744006671361,0.151690393648312
0.798335936472635,0.149000577538789
0.798564437191118,0.147978537124244
0.799441456710687,0.14413783848074
0.799894892869634,0.142201907634723
0.800070129064494,0.141462614972738
0.800961979401647,0.137774830560119
0.801291515909601,0.136443123564998
0.80182327368611,0.134328403855928
0.802003635496134,0.133620560154016
0.802804337573005,0.130534400030788
0.803044938776293,0.129624634506571
0.80397967640555,0.126164861933416
0.804390789766214,0.124679840066243
0.804639416557853,0.123792334288481
0.80546822602977,0.120890019470178
0.805667479507509,0.120204907622645
0.806386031946982,0.11777376135208
0.806732553079957,0.116623007356445
0.80706563209137,0.115529878898569
0.807650345089613,0.113641072597524
0.808472507313243,0.111048412919121
0.808723351914086,0.110271692656871
0.809270888060215,0.108598924081099
0.80962072166102,0.107546106241081
0.810073251948343,0.106202275015503
0.810818375516799,0.104032824755766
0.811326178150252,0.102584345808868
0.811574231848703,0.101885415507327
0.812466037736507,0.0994181697959924
0.812770617649774,0.0985914823373371
0.813483702845988,0.0966868458127141
0.813844512956333,0.0957392205777676
0.814264234452741,0.0946501545775522
0.814710049690562,0.093508723854665
0.815420417536166,0.0917217974371702
0.815633692464093,0.0911927783558895
0.816303038171725,0.0895543468860627
0.816854473669548,0.0882288776870901
0.817360988668283,0.0870302360014801
0.817567288633902,0.0865471093170829
0.81845980084769,0.0844899471186196
0.818955209611333,0.0833706271613579
0.819117566829897,0.0830072182678911
0.819823919362971,0.0814454002295193
0.820425175393582,0.0801400468055711
0.820580833137385,0.0798056352946404
0.821112973234034,0.0786731424269753
0.821858601546148,0.0771136673957677
0.822099317386514,0.0766168734992263
0.822968341305968,0.0748496659116284
0.823432355450233,0.073922537739108
0.823659082581289,0.0734735955800758
0.824185581406229,0.0724411999565469
0.824862398940138,0.0711343985987796
0.825451505776145,0.070015089629262
0.825663744533318,0.0696158804391409
0.826276337016607,0.0684754006645818
0.826789351481246,0.0675334983107447
0.827490237446269,0.0662655800014491
0.827734454706893,0.0658288094093038
0.828412969435216,0.0646286280365018
0.828891293409048,0.0637940777267332
0.829101209702436,0.0634307792458486
0.8297808199703,0.0622666962447731
0.830194076096057,0.0615677210349226
0.830596601863508,0.0608932143796146
0.831242918469128,0.0598229704163415
0.831662638198817,0.0591362143454113
0.83216713056725,0.0583191755602108
0.83291564633674,0.0571234938304244
0.833278978459886,0.0565500818840476
0.833680284752627,0.0559219298766216
0.834292424221523,0.0549740689299014
0.834614515996887,0.0544802374071942
0.835335565078654,0.0533867258946508
0.835526300219703,0.0531001955950607
0.836348517484264,0.0518778098395245
0.836829796569422,0.0511717402968301
0.837267110837041,0.0505360853326806
0.83784344196145,0.0497068051051421
0.838364950329531,0.0489645255750979
0.838930877799401,0.0481675705323035
0.83919392012863,0.0478001261908183
0.83966244313214,0.0471502561945307
0.840389498391538,0.0461532793658179
0.840984122177586,0.0453480761669809
0.841491629994125,0.0446679326292312
0.841710739136441,0.0443762794441334
0.842309224515804,0.0435856674739554
0.842896770996856,0.0428179543193679
0.843202896025614,0.042421222378227
0.843998877088772,0.0413999294953484
0.844203106974834,0.0411402523481605
0.844851068036398,0.0403226543946218
0.845314346189145,0.0397438701107156
0.845921467724373,0.0389925564258071
0.846414927419392,0.0383878107147879
0.846859575988608,0.0378473609843368
0.847108314613113,0.0375468624002373
0.847527389276656,0.0370435263013711
0.84844465187029,0.0359545568905872
0.848541855586111,0.0358401687517649
0.849016643079929,0.0352841980331959
0.849648037313367,0.0345518593007661
0.85042273681669,0.0336640980582956
0.850712447309517,0.0333351259295114
0.85138113669341,0.0325820188775836
0.851650717344019,0.0322808347121395
0.852002405361738,0.0318899995184481
0.852854287008173,0.0309529800706549
0.85314156167442,0.0306400615237017
0.853991320938454,0.0297234097537959
0.8544177277243,0.0292684466843909
0.854617376575596,0.0290565706857109
0.855318030240363,0.0283187450912337
0.85556871107663,0.0280569247117235
0.856244746239739,0.0273564898438892
0.856738054545829,0.0268505476819918
0.857399826569133,0.0261786436647604
0.85796158553753,0.025614387156093
0.858075278538629,0.0255008686189555
0.858696997490828,0.0248841422794328
0.859352672203444,0.0242411152540569
0.859581451539067,0.0240185291070247
0.860224512409768,0.0233978016702103
0.860558745647315,0.0230780438143512
0.861168482616311,0.0224997641512807
0.861884486681549,0.021829028731279
0.862407539708307,0.0213447354316365
0.862803200862487,0.0209815889768485
0.863043755187071,0.0207621496762656
0.863529083871865,0.0203225255978339
0.864459295457345,0.0194915449851614
0.86470849328686,0.0192715340295138
0.865202660569339,0.0188385103307525
0.86596751293214,0.0181768827173592
0.866027733800467,0.0181252339316167
0.866937947635888,0.0173525266213659
0.867151896748925,0.0171730694048833
0.867883766420302,0.0165654724531237
0.868436736831907,0.0161128806235382
0.86894207501167,0.0157041866260883
0.869034543117741,0.0156299126778556
0.869585622725543,0.0151905508865546
0.870409262187197,0.0145444407092867
0.870786910462426,0.0142524530172388
0.871465446949005,0.0137346143296355
0.87182044447877,0.0134671883880557
0.872104836170911,0.0132546951007058
0.872921226231731,0.0126533795812769
0.873121578609571,0.0125077889364036
0.873684385714121,0.0121030188747611
0.874498063282226,0.0115288787705659
0.874847703056294,0.011286218774277
0.875006151888985,0.0111770576791663
0.875650268489495,0.0107385143311483
0.876088209880167,0.0104451519259641
0.87692779199034,0.00989373179582032
0.877125706704799,0.0097658647585277
0.877891236496274,0.00927895886567853
0.878165447777836,0.00910753756140537
0.878639342421549,0.00881502794479161
0.87929449458071,0.00841849898604963
0.879963524335995,0.00802306578275136
0.880062092607026,0.00796562278617685
0.880864258108079,0.00750599155496445
0.881102509804652,0.00737218253376426
0.881671428402187,0.00705770915658732
0.882316123901052,0.00671000021705837
0.882824807664962,0.00644217735080233
0.88311052792496,0.00629428451288305
0.883699032014585,0.00599544958838649
0.884024607827538,0.00583348441760023
0.884836155547411,0.00544022760775675
0.88534323514509,0.00520212541685439
0.885933686719043,0.00493229006642792
0.886025376791251,0.00489110520589264
0.886530284747831,0.00466777529080531
0.887387112861383,0.00430222140257541
0.887969271109207,0.00406351791916748
0.88826068489009,0.00394696938845485
0.888641963220551,0.00379744336969523
0.889127883969108,0.00361174672022457
0.889572912923875,0.0034464585285825
0.890108416992007,0.00325361804532776
0.890755904644611,0.0030292563639307
0.891438456827193,0.0028031390246035
0.891696567234001,0.00272039976956506
0.892387194577837,0.00250644341355866
0.892735031678574,0.0024027583630577
0.893354735772358,0.00222474697422115
0.893670998384245,0.00213719202522
0.894499250379507,0.0019183300641572
0.894537471083458,0.00190859209046934
0.895201600693399,0.00174442133216246
0.895746462566778,0.00161677683425765
0.896015807759133,0.00155599252360972
0.896980071690981,0.00135072525122837
0.897228664760827,0.00130088573507336
0.897798566015786,0.00119129552919262
0.898289496221929,0.0011020164587876
0.898956300221966,0.000988173561776051
0.899183500477578,0.000951296768615606
0.899741653935052,0.000864737783647485
0.900169327555108,0.000802215894577074
0.900736003225087,0.000724315161686917
0.901427036425099,0.000636697476267045
0.901805481343879,0.000592035085105636
0.902392244889168,0.000527267470740611
0.902878236794728,0.000477606988976476
0.903219714911073,0.000444797090910498
0.903842164953821,0.000389247018500072
0.90446585331182,0.000338856427642753
0.904534977235948,0.000333583746911614
0.905148120449739,0.000289430316588124
0.905663172384258,0.000255833046114873
0.906420670498512,0.00021184212372205
0.906826649580849,0.000190759036474475
0.907473748277291,0.000160499297702899
0.907573790874332,0.000156170453042392
0.908217133276397,0.000130434225237508
0.908901005223277,0.000106806876207344
0.909106670503272,0.000100398197652396
0.90980962564412,8.07323300975327e-05
0.910407273136545,6.6519699984724e-05
0.910969784159795,5.50293000500801e-05
0.911181003245641,5.11484619174496e-05
0.911780946625746,4.13061198116793e-05
0.912261358314077,3.45776333396941e-05
0.912634765160969,2.99856011700683e-05
0.913311358716339,2.29308923032079e-05
0.913771542620147,1.89588185861567e-05
0.914172778952168,1.59747552217482e-05
0.914857374891406,1.17816448934605e-05
0.915489359236672,8.76629819757113e-06
0.915579468739917,8.39442778399757e-06
0.916462101646815,5.39942857713527e-06
0.916654238642775,4.88441176571541e-06
0.917291955091525,3.46227262681964e-06
0.917668838177924,2.80089412996176e-06
0.918266945012845,1.97304412452581e-06
0.918687331000343,1.52582630263964e-06
0.919216608310468,1.0892461617118e-06
0.919694464604021,7.92627197654383e-07
0.92033617774921,5.06150637846758e-07
0.920936338698957,3.24841586518687e-07
0.921239237818285,2.57270492909356e-07
0.92153899754642,2.02924045566988e-07
0.922030542958179,1.35512404852989e-07
0.922589640176506,8.36293558847956e-08
0.923037253255141,5.5747772620407e-08
0.923914867708809,2.38578401479117e-08
0.924274107036646,1.64886237996598e-08
0.924967184536508,7.77185960032512e-09
0.925294343770132,5.34556221509774e-09
0.92559673016076,3.73867692360363e-09
0.926395923396573,1.37199052119286e-09
0.926920163011178,6.76859457371393e-10
0.927458401960903,3.13526982154144e-10
0.9275231767816,2.84881451761976e-10
0.928279820566648,8.81215100889676e-11
0.928997789591434,2.61870525264385e-11
0.929116608052049,2.12061479487602e-11
0.929863016292104,5.24380538990954e-12
0.930265307667549,2.33413288697193e-12
0.93051698897779,1.37845290737459e-12
0.93146302932885,1.63424829224823e-13
0.931940893033054,4.9737991503207e-14
0.932334574601729,1.77635683940025e-14
0.932818757964531,3.5527136788005e-15
0.933396483311662,0
0.933526385367033,0
0.934319297717186,0
0.934777239278308,0
0.935219143965864,0
0.935734056540648,0
0.93643186879938,0
0.936865544307162,0
0.937013344664592,0
0.937686712103197,0
0.938008352632751,0
0.938574015291175,0
0.939367130660685,0
0.939531155118602,0
0.9401318471384,0
0.940767146367696,0
0.941089323184686,0
0.941693494767766,0
0.942027451408212,0
0.942884553587995,0
0.943057968896697,0
0.943747181641054,0
0.944259852642776,0
0.944850733639789,0
0.945146758548915,0
0.945722490269458,0
0.946271569679375,0
0.946839478236623,0
0.94744316291518,0
0.94781717001833,0
0.948258801573422,0
0.948986856266274,0
0.94922011130699,0
0.949905921956408,0
0.95034389879182,0
0.950701260439935,0
0.951386625002953,0
0.951556394846644,0
0.952463554807589,0
0.952887255648733,0
0.953293008187902,0
0.953984800709528,0
0.95427558481798,0
0.954838895936729,0
0.955274558422971,0
0.95563620971865,0
0.956352516805171,0
0.956651958664064,0
0.957337712779525,0
0.957581970066298,3.5527136788005e-15
0.958262406696216,2.1316282072803e-14
0.958606143491925,4.9737991503207e-14
0.959125516574131,1.81188397618826e-13
0.959574948351481,5.22248910783674e-13
0.960290680472623,2.47268872044515e-12
0.960567491009715,4.36628511124582e-12
0.961215533798328,1.53015378145938e-11
0.961501606973587,2.58282284448796e-11
0.962369558521779,1.14042109089496e-10
0.962888886831934,2.58985721757199e-10
0.963461028357269,6.05851369073207e-10
0.963625968599459,7.66466001778099e-10
0.964290157733485,1.89513826853727e-09
0.964702553493087,3.22090798476893e-09
0.965438878325862,7.854783490302e-09
0.965852396362694,1.25876198353581e-08
0.966318732225918,2.09311394883116e-08
0.966985840778449,4.16206376030459e-08
0.967195331138908,5.11756255150431e-08
0.967797073280555,9.05587143051889e-08
0.968299108972889,1.42249149348572e-07
0.968865825025248,2.30970883308146e-07
0.969194867280312,3.02541270258416e-07
0.969985075983452,5.60162554563703e-07
0.97018015987426,6.47852075985611e-07
0.970983666419401,1.14923207306106e-06
0.971384794502635,1.50759229455844e-06
0.971909688615357,2.12086606765638e-06
0.972081846436369,2.36431823807948e-06
0.972771015095874,3.59696566221146e-06
0.973356311370502,5.04354206398716e-06
0.973638872604817,5.90382391862931e-06
0.974015809177305,7.24404527119304e-06
0.974745824675774,1.05839044834966e-05
0.975255454207421,1.36185651093967e-05
0.975927114140592,1.87069672072937e-05
0.976298852699925,2.21480021984632e-05
0.976747961927671,2.69923409135231e-05
0.977125772393541,3.17191036778297e-05
0.977900301433867,4.35575486577022e-05
0.978204200154753,4.9094751290113e-05
0.978514051741222,5.53190653995728e-05
0.979315804277896,7.44495996869432e-05
0.979529865782126,8.03704852003762e-05
0.980411840711022,0.000108889049375449
0.980742784052389,0.000121469930878249
0.981389693406178,0.000149385079360798
0.981646472905995,0.000161775792289376
0.982494712580461,0.000208542014323854
0.98299790113722,0.000240890786088244
0.983156678447151,0.000251865482979952
0.983947884163237,0.000312430374069805
0.984010221699136,0.000317637626153555
0.984535728990915,0.000364218586049958
0.985053157104761,0.000414991168813827
0.98581987988716,0.000499840020538045
0.986028574522934,0.000525035733861756
0.986871864119428,0.000636599520838388
0.987039970989106,0.000660785311779932
0.987923269609688,0.000799140467140802
0.988129664530861,0.000834301607170573
0.988726034223917,0.000942215841188698
0.989308213929762,0.00105694884655705
0.98959669042076,0.00111736288831921
0.990471606660634,0.00131562235734606
0.990874107616022,0.0014146837266793
0.991182710851775,0.00149409663509914
0.991612006092211,0.00160967303290604
0.992436097370693,0.00184865764041575
0.992848403797252,0.00197691288551027
0.993172907210188,0.00208203004195795
0.993956528106588,0.00235136535057379
0.994261932636495,0.00246238287919098
0.994693809197866,0.00262527506709631
0.995321767781978,0.00287465172659651
0.995828764160862,0.00308700363095227
0.996473563220468,0.00337153067139795
0.996511726431898,0.00338888346572475
0.997441923949635,0.00382979155289576
0.9979953827844,0.00410866623330008
0.998454623853904,0.00434954944773835
0.998901082937839,0.00459203859021429
0.999192711041309,0.00475488244461886
0.999655115403701,0.00502033125365386
